Workbook

Sheet overlay
A1: ="# volkit overlay from Bloomberg: "&settings!$B$6&" of "&settings!$B$7&" quotes in -- save after they arrive. List: "&settings!$B$9&" pairs x "&settings!$B$10&" tenors from "&settings!$B$2&", "&settings!$B$8
A2: pair | B2: tenor | C2: atm | D2: rr25 | E2: rr10 | F2: bf25 | G2: bf10
A3: USDJPY | B3: 1w | C3: =IF(ISNUMBER(bbg!I3),bbg!I3,"") | D3: =IF(ISNUMBER(bbg!J3),bbg!J3,"") | E3: =IF(ISNUMBER(bbg!K3),bbg!K3,"") | F3: =IF(ISNUMBER(bbg!L3),bbg!L3,"") | G3: =IF(ISNUMBER(bbg!M3),bbg!M3,"")
A4: USDJPY | B4: 2w | C4: =IF(ISNUMBER(bbg!I4),bbg!I4,"") | D4: =IF(ISNUMBER(bbg!J4),bbg!J4,"") | E4: =IF(ISNUMBER(bbg!K4),bbg!K4,"") | F4: =IF(ISNUMBER(bbg!L4),bbg!L4,"") | G4: =IF(ISNUMBER(bbg!M4),bbg!M4,"")
A5: USDJPY | B5: 3w | C5: =IF(ISNUMBER(bbg!I5),bbg!I5,"") | D5: =IF(ISNUMBER(bbg!J5),bbg!J5,"") | E5: =IF(ISNUMBER(bbg!K5),bbg!K5,"") | F5: =IF(ISNUMBER(bbg!L5),bbg!L5,"") | G5: =IF(ISNUMBER(bbg!M5),bbg!M5,"")
A6: USDJPY | B6: 1m | C6: =IF(ISNUMBER(bbg!I6),bbg!I6,"") | D6: =IF(ISNUMBER(bbg!J6),bbg!J6,"") | E6: =IF(ISNUMBER(bbg!K6),bbg!K6,"") | F6: =IF(ISNUMBER(bbg!L6),bbg!L6,"") | G6: =IF(ISNUMBER(bbg!M6),bbg!M6,"")
A7: USDJPY | B7: 2m | C7: =IF(ISNUMBER(bbg!I7),bbg!I7,"") | D7: =IF(ISNUMBER(bbg!J7),bbg!J7,"") | E7: =IF(ISNUMBER(bbg!K7),bbg!K7,"") | F7: =IF(ISNUMBER(bbg!L7),bbg!L7,"") | G7: =IF(ISNUMBER(bbg!M7),bbg!M7,"")
A8: USDJPY | B8: 3m | C8: =IF(ISNUMBER(bbg!I8),bbg!I8,"") | D8: =IF(ISNUMBER(bbg!J8),bbg!J8,"") | E8: =IF(ISNUMBER(bbg!K8),bbg!K8,"") | F8: =IF(ISNUMBER(bbg!L8),bbg!L8,"") | G8: =IF(ISNUMBER(bbg!M8),bbg!M8,"")
A9: USDJPY | B9: 6m | C9: =IF(ISNUMBER(bbg!I9),bbg!I9,"") | D9: =IF(ISNUMBER(bbg!J9),bbg!J9,"") | E9: =IF(ISNUMBER(bbg!K9),bbg!K9,"") | F9: =IF(ISNUMBER(bbg!L9),bbg!L9,"") | G9: =IF(ISNUMBER(bbg!M9),bbg!M9,"")
A10: USDJPY | B10: 9m | C10: =IF(ISNUMBER(bbg!I10),bbg!I10,"") | D10: =IF(ISNUMBER(bbg!J10),bbg!J10,"") | E10: =IF(ISNUMBER(bbg!K10),bbg!K10,"") | F10: =IF(ISNUMBER(bbg!L10),bbg!L10,"") | G10: =IF(ISNUMBER(bbg!M10),bbg!M10,"")
A11: USDJPY | B11: 1y | C11: =IF(ISNUMBER(bbg!I11),bbg!I11,"") | D11: =IF(ISNUMBER(bbg!J11),bbg!J11,"") | E11: =IF(ISNUMBER(bbg!K11),bbg!K11,"") | F11: =IF(ISNUMBER(bbg!L11),bbg!L11,"") | G11: =IF(ISNUMBER(bbg!M11),bbg!M11,"")
A12: USDCNH | B12: 1w | C12: =IF(ISNUMBER(bbg!I12),bbg!I12,"") | D12: =IF(ISNUMBER(bbg!J12),bbg!J12,"") | E12: =IF(ISNUMBER(bbg!K12),bbg!K12,"") | F12: =IF(ISNUMBER(bbg!L12),bbg!L12,"") | G12: =IF(ISNUMBER(bbg!M12),bbg!M12,"")
A13: USDCNH | B13: 2w | C13: =IF(ISNUMBER(bbg!I13),bbg!I13,"") | D13: =IF(ISNUMBER(bbg!J13),bbg!J13,"") | E13: =IF(ISNUMBER(bbg!K13),bbg!K13,"") | F13: =IF(ISNUMBER(bbg!L13),bbg!L13,"") | G13: =IF(ISNUMBER(bbg!M13),bbg!M13,"")
A14: USDCNH | B14: 3w | C14: =IF(ISNUMBER(bbg!I14),bbg!I14,"") | D14: =IF(ISNUMBER(bbg!J14),bbg!J14,"") | E14: =IF(ISNUMBER(bbg!K14),bbg!K14,"") | F14: =IF(ISNUMBER(bbg!L14),bbg!L14,"") | G14: =IF(ISNUMBER(bbg!M14),bbg!M14,"")
... A128: USDHKD | B128: 1y | C128: =IF(ISNUMBER(bbg!I128),bbg!I128,"") | D128: =IF(ISNUMBER(bbg!J128),bbg!J128,"") | E128: =IF(ISNUMBER(bbg!K128),bbg!K128,"") | F128: =IF(ISNUMBER(bbg!L128),bbg!L128,"") | G128: =IF(ISNUMBER(bbg!M128),bbg!M128,"")

Sheet bbg
A1: # the pulls behind the overlay sheet; the macro keeps these rows in step with it
A2: pair | B2: tenor | C2: bbg tenor | D2: atm ticker | E2: rr25 ticker | F2: rr10 ticker | G2: bf25 ticker | H2: bf10 ticker | I2: atm PX_LAST | J2: rr25 PX_LAST | K2: rr10 PX_LAST | L2: bf25 PX_LAST | M2: bf10 PX_LAST
A3: =IF(overlay!$A3="","",overlay!$A3) | B3: =IF(overlay!$B3="","",overlay!$B3) | C3: =IF($B3="","",IFERROR(VLOOKUP(UPPER(TRIM($B3)),settings!$D$3:$E$60,2,FALSE),UPPER(TRIM($B3)))) | D3: =IF($A3="","",$A3&"V"&$C3&settings!$B$5&" Curncy") | E3: =IF($A3="","",$A3&"25R"&$C3&settings!$B$5&" Curncy") | F3: =IF($A3="","",$A3&"10R"&$C3&settings!$B$5&" Curncy") | G3: =IF($A3="","",$A3&"25B"&$C3&settings!$B$5&" Curncy") | H3: =IF($A3="","",$A3&"10B"&$C3&settings!$B$5&" Curncy") | I3: =IF(D3="","",BDP(D3,settings!$B$4)) | J3: =IF(E3="","",BDP(E3,settings!$B$4)) | K3: =IF(F3="","",BDP(F3,settings!$B$4)) | L3: =IF(G3="","",BDP(G3,settings!$B$4)) | M3: =IF(H3="","",BDP(H3,settings!$B$4))
A4: =IF(overlay!$A4="","",overlay!$A4) | B4: =IF(overlay!$B4="","",overlay!$B4) | C4: =IF($B4="","",IFERROR(VLOOKUP(UPPER(TRIM($B4)),settings!$D$3:$E$60,2,FALSE),UPPER(TRIM($B4)))) | D4: =IF($A4="","",$A4&"V"&$C4&settings!$B$5&" Curncy") | E4: =IF($A4="","",$A4&"25R"&$C4&settings!$B$5&" Curncy") | F4: =IF($A4="","",$A4&"10R"&$C4&settings!$B$5&" Curncy") | G4: =IF($A4="","",$A4&"25B"&$C4&settings!$B$5&" Curncy") | H4: =IF($A4="","",$A4&"10B"&$C4&settings!$B$5&" Curncy") | I4: =IF(D4="","",BDP(D4,settings!$B$4)) | J4: =IF(E4="","",BDP(E4,settings!$B$4)) | K4: =IF(F4="","",BDP(F4,settings!$B$4)) | L4: =IF(G4="","",BDP(G4,settings!$B$4)) | M4: =IF(H4="","",BDP(H4,settings!$B$4))
A5: =IF(overlay!$A5="","",overlay!$A5) | B5: =IF(overlay!$B5="","",overlay!$B5) | C5: =IF($B5="","",IFERROR(VLOOKUP(UPPER(TRIM($B5)),settings!$D$3:$E$60,2,FALSE),UPPER(TRIM($B5)))) | D5: =IF($A5="","",$A5&"V"&$C5&settings!$B$5&" Curncy") | E5: =IF($A5="","",$A5&"25R"&$C5&settings!$B$5&" Curncy") | F5: =IF($A5="","",$A5&"10R"&$C5&settings!$B$5&" Curncy") | G5: =IF($A5="","",$A5&"25B"&$C5&settings!$B$5&" Curncy") | H5: =IF($A5="","",$A5&"10B"&$C5&settings!$B$5&" Curncy") | I5: =IF(D5="","",BDP(D5,settings!$B$4)) | J5: =IF(E5="","",BDP(E5,settings!$B$4)) | K5: =IF(F5="","",BDP(F5,settings!$B$4)) | L5: =IF(G5="","",BDP(G5,settings!$B$4)) | M5: =IF(H5="","",BDP(H5,settings!$B$4))
A6: =IF(overlay!$A6="","",overlay!$A6) | B6: =IF(overlay!$B6="","",overlay!$B6) | C6: =IF($B6="","",IFERROR(VLOOKUP(UPPER(TRIM($B6)),settings!$D$3:$E$60,2,FALSE),UPPER(TRIM($B6)))) | D6: =IF($A6="","",$A6&"V"&$C6&settings!$B$5&" Curncy") | E6: =IF($A6="","",$A6&"25R"&$C6&settings!$B$5&" Curncy") | F6: =IF($A6="","",$A6&"10R"&$C6&settings!$B$5&" Curncy") | G6: =IF($A6="","",$A6&"25B"&$C6&settings!$B$5&" Curncy") | H6: =IF($A6="","",$A6&"10B"&$C6&settings!$B$5&" Curncy") | I6: =IF(D6="","",BDP(D6,settings!$B$4)) | J6: =IF(E6="","",BDP(E6,settings!$B$4)) | K6: =IF(F6="","",BDP(F6,settings!$B$4)) | L6: =IF(G6="","",BDP(G6,settings!$B$4)) | M6: =IF(H6="","",BDP(H6,settings!$B$4))
A7: =IF(overlay!$A7="","",overlay!$A7) | B7: =IF(overlay!$B7="","",overlay!$B7) | C7: =IF($B7="","",IFERROR(VLOOKUP(UPPER(TRIM($B7)),settings!$D$3:$E$60,2,FALSE),UPPER(TRIM($B7)))) | D7: =IF($A7="","",$A7&"V"&$C7&settings!$B$5&" Curncy") | E7: =IF($A7="","",$A7&"25R"&$C7&settings!$B$5&" Curncy") | F7: =IF($A7="","",$A7&"10R"&$C7&settings!$B$5&" Curncy") | G7: =IF($A7="","",$A7&"25B"&$C7&settings!$B$5&" Curncy") | H7: =IF($A7="","",$A7&"10B"&$C7&settings!$B$5&" Curncy") | I7: =IF(D7="","",BDP(D7,settings!$B$4)) | J7: =IF(E7="","",BDP(E7,settings!$B$4)) | K7: =IF(F7="","",BDP(F7,settings!$B$4)) | L7: =IF(G7="","",BDP(G7,settings!$B$4)) | M7: =IF(H7="","",BDP(H7,settings!$B$4))
A8: =IF(overlay!$A8="","",overlay!$A8) | B8: =IF(overlay!$B8="","",overlay!$B8) | C8: =IF($B8="","",IFERROR(VLOOKUP(UPPER(TRIM($B8)),settings!$D$3:$E$60,2,FALSE),UPPER(TRIM($B8)))) | D8: =IF($A8="","",$A8&"V"&$C8&settings!$B$5&" Curncy") | E8: =IF($A8="","",$A8&"25R"&$C8&settings!$B$5&" Curncy") | F8: =IF($A8="","",$A8&"10R"&$C8&settings!$B$5&" Curncy") | G8: =IF($A8="","",$A8&"25B"&$C8&settings!$B$5&" Curncy") | H8: =IF($A8="","",$A8&"10B"&$C8&settings!$B$5&" Curncy") | I8: =IF(D8="","",BDP(D8,settings!$B$4)) | J8: =IF(E8="","",BDP(E8,settings!$B$4)) | K8: =IF(F8="","",BDP(F8,settings!$B$4)) | L8: =IF(G8="","",BDP(G8,settings!$B$4)) | M8: =IF(H8="","",BDP(H8,settings!$B$4))
A9: =IF(overlay!$A9="","",overlay!$A9) | B9: =IF(overlay!$B9="","",overlay!$B9) | C9: =IF($B9="","",IFERROR(VLOOKUP(UPPER(TRIM($B9)),settings!$D$3:$E$60,2,FALSE),UPPER(TRIM($B9)))) | D9: =IF($A9="","",$A9&"V"&$C9&settings!$B$5&" Curncy") | E9: =IF($A9="","",$A9&"25R"&$C9&settings!$B$5&" Curncy") | F9: =IF($A9="","",$A9&"10R"&$C9&settings!$B$5&" Curncy") | G9: =IF($A9="","",$A9&"25B"&$C9&settings!$B$5&" Curncy") | H9: =IF($A9="","",$A9&"10B"&$C9&settings!$B$5&" Curncy") | I9: =IF(D9="","",BDP(D9,settings!$B$4)) | J9: =IF(E9="","",BDP(E9,settings!$B$4)) | K9: =IF(F9="","",BDP(F9,settings!$B$4)) | L9: =IF(G9="","",BDP(G9,settings!$B$4)) | M9: =IF(H9="","",BDP(H9,settings!$B$4))
A10: =IF(overlay!$A10="","",overlay!$A10) | B10: =IF(overlay!$B10="","",overlay!$B10) | C10: =IF($B10="","",IFERROR(VLOOKUP(UPPER(TRIM($B10)),settings!$D$3:$E$60,2,FALSE),UPPER(TRIM($B10)))) | D10: =IF($A10="","",$A10&"V"&$C10&settings!$B$5&" Curncy") | E10: =IF($A10="","",$A10&"25R"&$C10&settings!$B$5&" Curncy") | F10: =IF($A10="","",$A10&"10R"&$C10&settings!$B$5&" Curncy") | G10: =IF($A10="","",$A10&"25B"&$C10&settings!$B$5&" Curncy") | H10: =IF($A10="","",$A10&"10B"&$C10&settings!$B$5&" Curncy") | I10: =IF(D10="","",BDP(D10,settings!$B$4)) | J10: =IF(E10="","",BDP(E10,settings!$B$4)) | K10: =IF(F10="","",BDP(F10,settings!$B$4)) | L10: =IF(G10="","",BDP(G10,settings!$B$4)) | M10: =IF(H10="","",BDP(H10,settings!$B$4))
A11: =IF(overlay!$A11="","",overlay!$A11) | B11: =IF(overlay!$B11="","",overlay!$B11) | C11: =IF($B11="","",IFERROR(VLOOKUP(UPPER(TRIM($B11)),settings!$D$3:$E$60,2,FALSE),UPPER(TRIM($B11)))) | D11: =IF($A11="","",$A11&"V"&$C11&settings!$B$5&" Curncy") | E11: =IF($A11="","",$A11&"25R"&$C11&settings!$B$5&" Curncy") | F11: =IF($A11="","",$A11&"10R"&$C11&settings!$B$5&" Curncy") | G11: =IF($A11="","",$A11&"25B"&$C11&settings!$B$5&" Curncy") | H11: =IF($A11="","",$A11&"10B"&$C11&settings!$B$5&" Curncy") | I11: =IF(D11="","",BDP(D11,settings!$B$4)) | J11: =IF(E11="","",BDP(E11,settings!$B$4)) | K11: =IF(F11="","",BDP(F11,settings!$B$4)) | L11: =IF(G11="","",BDP(G11,settings!$B$4)) | M11: =IF(H11="","",BDP(H11,settings!$B$4))
A12: =IF(overlay!$A12="","",overlay!$A12) | B12: =IF(overlay!$B12="","",overlay!$B12) | C12: =IF($B12="","",IFERROR(VLOOKUP(UPPER(TRIM($B12)),settings!$D$3:$E$60,2,FALSE),UPPER(TRIM($B12)))) | D12: =IF($A12="","",$A12&"V"&$C12&settings!$B$5&" Curncy") | E12: =IF($A12="","",$A12&"25R"&$C12&settings!$B$5&" Curncy") | F12: =IF($A12="","",$A12&"10R"&$C12&settings!$B$5&" Curncy") | G12: =IF($A12="","",$A12&"25B"&$C12&settings!$B$5&" Curncy") | H12: =IF($A12="","",$A12&"10B"&$C12&settings!$B$5&" Curncy") | I12: =IF(D12="","",BDP(D12,settings!$B$4)) | J12: =IF(E12="","",BDP(E12,settings!$B$4)) | K12: =IF(F12="","",BDP(F12,settings!$B$4)) | L12: =IF(G12="","",BDP(G12,settings!$B$4)) | M12: =IF(H12="","",BDP(H12,settings!$B$4))
A13: =IF(overlay!$A13="","",overlay!$A13) | B13: =IF(overlay!$B13="","",overlay!$B13) | C13: =IF($B13="","",IFERROR(VLOOKUP(UPPER(TRIM($B13)),settings!$D$3:$E$60,2,FALSE),UPPER(TRIM($B13)))) | D13: =IF($A13="","",$A13&"V"&$C13&settings!$B$5&" Curncy") | E13: =IF($A13="","",$A13&"25R"&$C13&settings!$B$5&" Curncy") | F13: =IF($A13="","",$A13&"10R"&$C13&settings!$B$5&" Curncy") | G13: =IF($A13="","",$A13&"25B"&$C13&settings!$B$5&" Curncy") | H13: =IF($A13="","",$A13&"10B"&$C13&settings!$B$5&" Curncy") | I13: =IF(D13="","",BDP(D13,settings!$B$4)) | J13: =IF(E13="","",BDP(E13,settings!$B$4)) | K13: =IF(F13="","",BDP(F13,settings!$B$4)) | L13: =IF(G13="","",BDP(G13,settings!$B$4)) | M13: =IF(H13="","",BDP(H13,settings!$B$4))
A14: =IF(overlay!$A14="","",overlay!$A14) | B14: =IF(overlay!$B14="","",overlay!$B14) | C14: =IF($B14="","",IFERROR(VLOOKUP(UPPER(TRIM($B14)),settings!$D$3:$E$60,2,FALSE),UPPER(TRIM($B14)))) | D14: =IF($A14="","",$A14&"V"&$C14&settings!$B$5&" Curncy") | E14: =IF($A14="","",$A14&"25R"&$C14&settings!$B$5&" Curncy") | F14: =IF($A14="","",$A14&"10R"&$C14&settings!$B$5&" Curncy") | G14: =IF($A14="","",$A14&"25B"&$C14&settings!$B$5&" Curncy") | H14: =IF($A14="","",$A14&"10B"&$C14&settings!$B$5&" Curncy") | I14: =IF(D14="","",BDP(D14,settings!$B$4)) | J14: =IF(E14="","",BDP(E14,settings!$B$4)) | K14: =IF(F14="","",BDP(F14,settings!$B$4)) | L14: =IF(G14="","",BDP(G14,settings!$B$4)) | M14: =IF(H14="","",BDP(H14,settings!$B$4))
... A128: =IF(overlay!$A128="","",overlay!$A128) | B128: =IF(overlay!$B128="","",overlay!$B128) | C128: =IF($B128="","",IFERROR(VLOOKUP(UPPER(TRIM($B128)),settings!$D$3:$E$60,2,FALSE),UPPER(TRIM($B128)))) | D128: =IF($A128="","",$A128&"V"&$C128&settings!$B$5&" Curncy") | E128: =IF($A128="","",$A128&"25R"&$C128&settings!$B$5&" Curncy") | F128: =IF($A128="","",$A128&"10R"&$C128&settings!$B$5&" Curncy") | G128: =IF($A128="","",$A128&"25B"&$C128&settings!$B$5&" Curncy") | H128: =IF($A128="","",$A128&"10B"&$C128&settings!$B$5&" Curncy") | I128: =IF(D128="","",BDP(D128,settings!$B$4)) | J128: =IF(E128="","",BDP(E128,settings!$B$4)) | K128: =IF(F128="","",BDP(F128,settings!$B$4)) | L128: =IF(G128="","",BDP(G128,settings!$B$4)) | M128: =IF(H128="","",BDP(H128,settings!$B$4))

Sheet settings
A1: setting | B1: value | C1: what it is | D1: tenor as CONFIG writes it | E1: Bloomberg code | G1: How to use
A2: volkit workbook | B2: vol_marks.xlsx | C2: whose CONFIG names the pairs and tenors; a bare name is beside this file | D2: (anything not listed is used upper-cased: 1m -> 1M) | G2: 1. Open on a Bloomberg terminal with the Excel add-in loaded; the pulls fill in by themselves.
A3: pricing source | C3: blank for the terminal's default, or BGN, CMPN ...: goes into the ticker | D3: 1D | E3: ON | G3: 2. When 'quotes in' stops rising, save. volkit reads what was saved, never the live cells.
A4: field | B4: PX_LAST | C4: what BDP asks for | D4: ON | E4: ON | G4: 3. Vol bulk processing > overlay > Browse... this file. A blank quote falls through to the book.
A5: ticker suffix | B5: =IF(TRIM(B3)="",""," "&TRIM(B3)) | C5: worked out from the source | D5: O/N | E5: ON | G5: The list: import volkit_bbg_overlay.bas (Alt+F11, File > Import) and save as .xlsm once.
A6: quotes in | B6: =COUNT(overlay!C3:G5000) | C6: numbers on the overlay sheet now | D6: OVERNIGHT | E6: ON | G6: It then re-reads CONFIG every time this file opens; VolkitBbgRefreshList does it on demand.
A7: quotes asked | B7: =SUMPRODUCT(--(bbg!D3:H5000<>"")) | C7: tickers asked for | D7: 1WK | E7: 1W | G7: Keep 'overlay' the first sheet: the overlay reader reads the first sheet only.
A8: list read | B8: written by volkit 2026-09-25 10:05 from vol_marks.xlsx | C8: when the macro last read CONFIG, or why it could not | D8: 12M | E8: 1Y
A9: pairs | B9: 14 | D9: 24M | E9: 2Y
A10: tenors | B10: 9 | D10: 36M | E10: 3Y
D11: 48M | E11: 4Y
D12: 60M | E12: 5Y
