Workbook

Sheet G7 Input
A1: Ccy Pair | B1: Mid | C1: ATM | D1: 25D RR | E1: 10D RR | F1: 25D BF | G1: 10D BF | I1: Spread | J1: ATM | K1: 25D RR | L1: 10D RR | M1: 25D BF | N1: 10D BF | P1: BID | Q1: ATM | R1: 25D RR | S1: 10D RR | T1: 25D BF | U1: 10D BF | W1: OFFER | X1: ATM | Y1: 25D RR | Z1: 10D RR | AA1: 25D BF | AB1: 10D BF
A2: AUDUSD | B2: ON | C2: =[1]AUDUSD!$B15 -> 0.0644 | D2: =[1]AUDUSD!$F15 -> -0.0033 | E2: =[1]AUDUSD!$E15 -> -0.0064 | F2: =[1]AUDUSD!$D15 -> 0.001 | G2: =[1]AUDUSD!$C15 -> 0.0034 | I2: ON | J2: =[2]G7!$C2 -> 0.8 | K2: 1.2 | L2: 2.4 | M2: 1.2 | N2: 2.4 | P2: ON | Q2: =(C2-J2/200)-0.002 -> 0.0584 | R2: =D2-K2/200 -> -0.0093 | S2: =E2-L2/200 -> -0.0184 | T2: =F2-M2/200 -> -0.005 | U2: =G2-N2/200 -> -0.0086 | W2: ON | X2: =(C2+J2/200)-0.002 -> 0.0664 | Y2: =D2+K2/200 -> 0.0027 | Z2: =E2+L2/200 -> 0.0056 | AA2: =F2+M2/200 -> 0.007 | AB2: =G2+N2/200 -> 0.0154
A3: AUDUSD | B3: 1W | C3: =[1]AUDUSD!$B16 -> 0.0625 | D3: =[1]AUDUSD!$F16 -> -0.0036 | E3: =[1]AUDUSD!$E16 -> -0.0081 | F3: =[1]AUDUSD!$D16 -> 0.0012 | G3: =[1]AUDUSD!$C16 -> 0.0043 | I3: 1W | J3: =[2]G7!$C3 -> 0.68 | K3: 0.5 | L3: 1 | M3: 0.5 | N3: 1 | P3: 1W | Q3: =(C3-J3/200)-0.002 -> 0.0571 | R3: =D3-K3/200 -> -0.0061 | S3: =E3-L3/200 -> -0.0131 | T3: =F3-M3/200 -> -0.0013 | U3: =G3-N3/200 -> -0.0007 | W3: 1W | X3: =(C3+J3/200)-0.002 -> 0.0639 | Y3: =D3+K3/200 -> -0.0011 | Z3: =E3+L3/200 -> -0.0031 | AA3: =F3+M3/200 -> 0.0037 | AB3: =G3+N3/200 -> 0.0093
A4: AUDUSD | B4: 2W | C4: =[1]AUDUSD!$B17 -> 0.0669 | D4: =[1]AUDUSD!$F17 -> -0.0041 | E4: =[1]AUDUSD!$E17 -> -0.009 | F4: =[1]AUDUSD!$D17 -> 0.0013 | G4: =[1]AUDUSD!$C17 -> 0.0047 | I4: 2W | J4: =[2]G7!$C4 -> 0.53 | K4: 0.3 | L4: 0.6 | M4: 0.3 | N4: 0.6 | P4: 2W | Q4: =(C4-J4/200)-0.002 -> 0.06225 | R4: =D4-K4/200 -> -0.0056 | S4: =E4-L4/200 -> -0.012 | T4: =F4-M4/200 -> -0.0002 | U4: =G4-N4/200 -> 0.0017 | W4: 2W | X4: =(C4+J4/200)-0.002 -> 0.06755 | Y4: =D4+K4/200 -> -0.0026 | Z4: =E4+L4/200 -> -0.006 | AA4: =F4+M4/200 -> 0.0028 | AB4: =G4+N4/200 -> 0.0077
A5: AUDUSD | B5: 1M | C5: =[1]AUDUSD!$B18 -> 0.07 | D5: =[1]AUDUSD!$F18 -> -0.0049 | E5: =[1]AUDUSD!$E18 -> -0.01 | F5: =[1]AUDUSD!$D18 -> 0.0014 | G5: =[1]AUDUSD!$C18 -> 0.0051 | I5: 1M | J5: =[2]G7!$C5 -> 0.34 | K5: 0.2 | L5: 0.4 | M5: 0.2 | N5: 0.4 | P5: 1M | Q5: =(C5-J5/200)-0.002 -> 0.0663 | R5: =D5-K5/200 -> -0.0059 | S5: =E5-L5/200 -> -0.012 | T5: =F5-M5/200 -> 0.0004 | U5: =G5-N5/200 -> 0.0031 | W5: 1M | X5: =(C5+J5/200)-0.002 -> 0.0697 | Y5: =D5+K5/200 -> -0.0039 | Z5: =E5+L5/200 -> -0.008 | AA5: =F5+M5/200 -> 0.0024 | AB5: =G5+N5/200 -> 0.0071
A6: AUDUSD | B6: 2M | C6: =[1]AUDUSD!$B19 -> 0.0724 | D6: =[1]AUDUSD!$F19 -> -0.0056 | E6: =[1]AUDUSD!$E19 -> -0.0117 | F6: =[1]AUDUSD!$D19 -> 0.0017 | G6: =[1]AUDUSD!$C19 -> 0.006 | I6: 2M | J6: =[2]G7!$C6 -> 0.34 | K6: 0.2 | L6: 0.4 | M6: 0.2 | N6: 0.4 | P6: 2M | Q6: =(C6-J6/200)-0.002 -> 0.0687 | R6: =D6-K6/200 -> -0.0066 | S6: =E6-L6/200 -> -0.0137 | T6: =F6-M6/200 -> 0.0007 | U6: =G6-N6/200 -> 0.004 | W6: 2M | X6: =(C6+J6/200)-0.002 -> 0.0721 | Y6: =D6+K6/200 -> -0.0046 | Z6: =E6+L6/200 -> -0.0097 | AA6: =F6+M6/200 -> 0.0027 | AB6: =G6+N6/200 -> 0.008
A7: AUDUSD | B7: 3M | C7: =[1]AUDUSD!$B20 -> 0.074 | D7: =[1]AUDUSD!$F20 -> -0.0062 | E7: =[1]AUDUSD!$E20 -> -0.0132 | F7: =[1]AUDUSD!$D20 -> 0.002 | G7: =[1]AUDUSD!$C20 -> 0.0069 | I7: 3M | J7: =[2]G7!$C7 -> 0.34 | K7: 0.2 | L7: 0.4 | M7: 0.2 | N7: 0.4 | P7: 3M | Q7: =(C7-J7/200)-0.002 -> 0.0703 | R7: =D7-K7/200 -> -0.0072 | S7: =E7-L7/200 -> -0.0152 | T7: =F7-M7/200 -> 0.001 | U7: =G7-N7/200 -> 0.0049 | W7: 3M | X7: =(C7+J7/200)-0.002 -> 0.0737 | Y7: =D7+K7/200 -> -0.0052 | Z7: =E7+L7/200 -> -0.0112 | AA7: =F7+M7/200 -> 0.003 | AB7: =G7+N7/200 -> 0.0089
A8: AUDUSD | B8: 6M | C8: =[1]AUDUSD!$B21 -> 0.0775 | D8: =[1]AUDUSD!$F21 -> -0.0075 | E8: =[1]AUDUSD!$E21 -> -0.0159 | F8: =[1]AUDUSD!$D21 -> 0.0022 | G8: =[1]AUDUSD!$C21 -> 0.0077 | I8: 6M | J8: =[2]G7!$C8 -> 0.33 | K8: 0.2 | L8: 0.4 | M8: 0.2 | N8: 0.4 | P8: 6M | Q8: =(C8-J8/200)-0.002 -> 0.07385 | R8: =D8-K8/200 -> -0.0085 | S8: =E8-L8/200 -> -0.0179 | T8: =F8-M8/200 -> 0.0012 | U8: =G8-N8/200 -> 0.0057 | W8: 6M | X8: =(C8+J8/200)-0.002 -> 0.07715 | Y8: =D8+K8/200 -> -0.0065 | Z8: =E8+L8/200 -> -0.0139 | AA8: =F8+M8/200 -> 0.0032 | AB8: =G8+N8/200 -> 0.0097
A9: AUDUSD | B9: 9M | C9: =[1]AUDUSD!$B22 -> 0.0811 | D9: =[1]AUDUSD!$F22 -> -0.0085 | E9: =[1]AUDUSD!$E22 -> -0.0181 | F9: =[1]AUDUSD!$D22 -> 0.0025 | G9: =[1]AUDUSD!$C22 -> 0.009 | I9: 9M | J9: =[2]G7!$C9 -> 0.33 | K9: 0.2 | L9: 0.4 | M9: 0.2 | N9: 0.4 | P9: 9M | Q9: =(C9-J9/200)-0.002 -> 0.07745 | R9: =D9-K9/200 -> -0.0095 | S9: =E9-L9/200 -> -0.0201 | T9: =F9-M9/200 -> 0.0015 | U9: =G9-N9/200 -> 0.007 | W9: 9M | X9: =(C9+J9/200)-0.002 -> 0.08075 | Y9: =D9+K9/200 -> -0.0075 | Z9: =E9+L9/200 -> -0.0161 | AA9: =F9+M9/200 -> 0.0035 | AB9: =G9+N9/200 -> 0.011
A10: AUDUSD | B10: 1Y | C10: =[1]AUDUSD!$B23 -> 0.0842 | D10: =[1]AUDUSD!$F23 -> -0.0095 | E10: =[1]AUDUSD!$E23 -> -0.0202 | F10: =[1]AUDUSD!$D23 -> 0.0029 | G10: =[1]AUDUSD!$C23 -> 0.0103 | I10: 1Y | J10: =[2]G7!$C10 -> 0.35 | K10: 0.2 | L10: 0.4 | M10: 0.2 | N10: 0.4 | P10: 1Y | Q10: =(C10-J10/200)-0.002 -> 0.08045 | R10: =D10-K10/200 -> -0.0105 | S10: =E10-L10/200 -> -0.0222 | T10: =F10-M10/200 -> 0.0019 | U10: =G10-N10/200 -> 0.0083 | W10: 1Y | X10: =(C10+J10/200)-0.002 -> 0.08395 | Y10: =D10+K10/200 -> -0.0085 | Z10: =E10+L10/200 -> -0.0182 | AA10: =F10+M10/200 -> 0.0039 | AB10: =G10+N10/200 -> 0.0123
A11: AUDUSD | B11: 2Y | C11: =[1]AUDUSD!$B24 -> 0.0885 | D11: =[1]AUDUSD!$F24 -> -0.0117 | E11: =[1]AUDUSD!$E24 -> -0.0243 | F11: =[1]AUDUSD!$D24 -> 0.0039 | G11: =[1]AUDUSD!$C24 -> 0.0132 | I11: 2Y | J11: =[2]G7!$C11 -> 0.4 | K11: 0.2 | L11: 0.4 | M11: 0.2 | N11: 0.4 | P11: 2Y | Q11: =(C11-J11/200)-0.002 -> 0.0845 | R11: =D11-K11/200 -> -0.0127 | S11: =E11-L11/200 -> -0.0263 | T11: =F11-M11/200 -> 0.0029 | U11: =G11-N11/200 -> 0.0112 | W11: 2Y | X11: =(C11+J11/200)-0.002 -> 0.0885 | Y11: =D11+K11/200 -> -0.0107 | Z11: =E11+L11/200 -> -0.0223 | AA11: =F11+M11/200 -> 0.0049 | AB11: =G11+N11/200 -> 0.0152
A12: AUDUSD | B12: 3Y | C12: =[1]AUDUSD!$B25 -> 0.0901 | D12: =[1]AUDUSD!$F25 -> -0.012 | E12: =[1]AUDUSD!$E25 -> -0.0248 | F12: =[1]AUDUSD!$D25 -> 0.0038 | G12: =[1]AUDUSD!$C25 -> 0.0133 | I12: 3Y | J12: =[2]G7!$C12 -> 0.47 | K12: 0.2 | L12: 0.4 | M12: 0.2 | N12: 0.4 | P12: 3Y | Q12: =(C12-J12/200)-0.002 -> 0.08575 | R12: =D12-K12/200 -> -0.013 | S12: =E12-L12/200 -> -0.0268 | T12: =F12-M12/200 -> 0.0028 | U12: =G12-N12/200 -> 0.0113 | W12: 3Y | X12: =(C12+J12/200)-0.002 -> 0.09045 | Y12: =D12+K12/200 -> -0.011 | Z12: =E12+L12/200 -> -0.0228 | AA12: =F12+M12/200 -> 0.0048 | AB12: =G12+N12/200 -> 0.0153
A15: Ccy Pair | B15: Mid | C15: ATM | D15: 25D RR | E15: 10D RR | F15: 25D BF | G15: 10D BF | I15: Spread | J15: ATM | K15: 25D RR | L15: 10D RR | M15: 25D BF | N15: 10D BF | P15: BID | Q15: ATM | R15: 25D RR | S15: 10D RR | T15: 25D BF | U15: 10D BF | W15: OFFER | X15: ATM | Y15: 25D RR | Z15: 10D RR | AA15: 25D BF | AB15: 10D BF
A16: AUDHKD | B16: ON | C16: =[1]AUDHKD!$B15 -> 0.0631 | D16: =[1]AUDHKD!$F15 -> -0.0039 | E16: =[1]AUDHKD!$E15 -> -0.0077 | F16: =[1]AUDHKD!$D15 -> 0.0012 | G16: =[1]AUDHKD!$C15 -> 0.0043 | I16: ON | J16: =[2]G7!$D2 -> 3.1 | K16: 1.2 | L16: 2.4 | M16: 1.2 | N16: 2.4 | P16: ON | Q16: =(C16-J16/200)-0.002 -> 0.0456 | R16: =D16-K16/200 -> -0.0099 | S16: =E16-L16/200 -> -0.0197 | T16: =F16-M16/200 -> -0.0048 | U16: =G16-N16/200 -> -0.0077 | W16: ON | X16: =(C16+J16/200)-0.002 -> 0.0766 | Y16: =D16+K16/200 -> 0.0021 | Z16: =E16+L16/200 -> 0.0043 | AA16: =F16+M16/200 -> 0.0072 | AB16: =G16+N16/200 -> 0.0163
A17: AUDHKD | B17: 1W | C17: =[1]AUDHKD!$B16 -> 0.0618 | D17: =[1]AUDHKD!$F16 -> -0.0039 | E17: =[1]AUDHKD!$E16 -> -0.0075 | F17: =[1]AUDHKD!$D16 -> 0.0011 | G17: =[1]AUDHKD!$C16 -> 0.0042 | I17: 1W | J17: =[2]G7!$D3 -> 2.11 | K17: 0.5 | L17: 1 | M17: 0.5 | N17: 1 | P17: 1W | Q17: =(C17-J17/200)-0.002 -> 0.04925 | R17: =D17-K17/200 -> -0.0064 | S17: =E17-L17/200 -> -0.0125 | T17: =F17-M17/200 -> -0.0014 | U17: =G17-N17/200 -> -0.0008 | W17: 1W | X17: =(C17+J17/200)-0.002 -> 0.07035 | Y17: =D17+K17/200 -> -0.0014 | Z17: =E17+L17/200 -> -0.0025 | AA17: =F17+M17/200 -> 0.0036 | AB17: =G17+N17/200 -> 0.0092
A18: AUDHKD | B18: 2W | C18: =[1]AUDHKD!$B17 -> 0.0677 | D18: =[1]AUDHKD!$F17 -> -0.0047 | E18: =[1]AUDHKD!$E17 -> -0.0091 | F18: =[1]AUDHKD!$D17 -> 0.0013 | G18: =[1]AUDHKD!$C17 -> 0.0048 | I18: 2W | J18: =[2]G7!$D4 -> 1.51 | K18: 0.3 | L18: 0.6 | M18: 0.3 | N18: 0.6 | P18: 2W | Q18: =(C18-J18/200)-0.002 -> 0.05815 | R18: =D18-K18/200 -> -0.0062 | S18: =E18-L18/200 -> -0.0121 | T18: =F18-M18/200 -> -0.0002 | U18: =G18-N18/200 -> 0.0018 | W18: 2W | X18: =(C18+J18/200)-0.002 -> 0.07325 | Y18: =D18+K18/200 -> -0.0032 | Z18: =E18+L18/200 -> -0.0061 | AA18: =F18+M18/200 -> 0.0028 | AB18: =G18+N18/200 -> 0.0078
A19: AUDHKD | B19: 1M | C19: =[1]AUDHKD!$B18 -> 0.0694 | D19: =[1]AUDHKD!$F18 -> -0.005 | E19: =[1]AUDHKD!$E18 -> -0.0097 | F19: =[1]AUDHKD!$D18 -> 0.0014 | G19: =[1]AUDHKD!$C18 -> 0.005 | I19: 1M | J19: =[2]G7!$D5 -> 0.75 | K19: 0.2 | L19: 0.4 | M19: 0.2 | N19: 0.4 | P19: 1M | Q19: =(C19-J19/200)-0.002 -> 0.06365 | R19: =D19-K19/200 -> -0.006 | S19: =E19-L19/200 -> -0.0117 | T19: =F19-M19/200 -> 0.0004 | U19: =G19-N19/200 -> 0.003 | W19: 1M | X19: =(C19+J19/200)-0.002 -> 0.07115 | Y19: =D19+K19/200 -> -0.004 | Z19: =E19+L19/200 -> -0.0077 | AA19: =F19+M19/200 -> 0.0024 | AB19: =G19+N19/200 -> 0.007
A20: AUDHKD | B20: 2M | C20: =[1]AUDHKD!$B19 -> 0.0723 | D20: =[1]AUDHKD!$F19 -> -0.0058 | E20: =[1]AUDHKD!$E19 -> -0.0113 | F20: =[1]AUDHKD!$D19 -> 0.0016 | G20: =[1]AUDHKD!$C19 -> 0.006 | I20: 2M | J20: =[2]G7!$D6 -> 0.74 | K20: 0.2 | L20: 0.4 | M20: 0.2 | N20: 0.4 | P20: 2M | Q20: =(C20-J20/200)-0.002 -> 0.0666 | R20: =D20-K20/200 -> -0.0068 | S20: =E20-L20/200 -> -0.0133 | T20: =F20-M20/200 -> 0.0006 | U20: =G20-N20/200 -> 0.004 | W20: 2M | X20: =(C20+J20/200)-0.002 -> 0.074 | Y20: =D20+K20/200 -> -0.0048 | Z20: =E20+L20/200 -> -0.0093 | AA20: =F20+M20/200 -> 0.0026 | AB20: =G20+N20/200 -> 0.008
A21: AUDHKD | B21: 3M | C21: =[1]AUDHKD!$B20 -> 0.0739 | D21: =[1]AUDHKD!$F20 -> -0.0065 | E21: =[1]AUDHKD!$E20 -> -0.0126 | F21: =[1]AUDHKD!$D20 -> 0.0018 | G21: =[1]AUDHKD!$C20 -> 0.0068 | I21: 3M | J21: =[2]G7!$D7 -> 0.75 | K21: 0.2 | L21: 0.4 | M21: 0.2 | N21: 0.4 | P21: 3M | Q21: =(C21-J21/200)-0.002 -> 0.06815 | R21: =D21-K21/200 -> -0.0075 | S21: =E21-L21/200 -> -0.0146 | T21: =F21-M21/200 -> 0.0008 | U21: =G21-N21/200 -> 0.0048 | W21: 3M | X21: =(C21+J21/200)-0.002 -> 0.07565 | Y21: =D21+K21/200 -> -0.0055 | Z21: =E21+L21/200 -> -0.0106 | AA21: =F21+M21/200 -> 0.0028 | AB21: =G21+N21/200 -> 0.0088
A22: AUDHKD | B22: 6M | C22: =[1]AUDHKD!$B21 -> 0.0774 | D22: =[1]AUDHKD!$F21 -> -0.0077 | E22: =[1]AUDHKD!$E21 -> -0.0149 | F22: =[1]AUDHKD!$D21 -> 0.0019 | G22: =[1]AUDHKD!$C21 -> 0.0076 | I22: 6M | J22: =[2]G7!$D8 -> 0.7 | K22: 0.2 | L22: 0.4 | M22: 0.2 | N22: 0.4 | P22: 6M | Q22: =(C22-J22/200)-0.002 -> 0.0719 | R22: =D22-K22/200 -> -0.0087 | S22: =E22-L22/200 -> -0.0169 | T22: =F22-M22/200 -> 0.0009 | U22: =G22-N22/200 -> 0.0056 | W22: 6M | X22: =(C22+J22/200)-0.002 -> 0.0789 | Y22: =D22+K22/200 -> -0.0067 | Z22: =E22+L22/200 -> -0.0129 | AA22: =F22+M22/200 -> 0.0029 | AB22: =G22+N22/200 -> 0.0096
A23: AUDHKD | B23: 9M | C23: =[1]AUDHKD!$B22 -> 0.0819 | D23: =[1]AUDHKD!$F22 -> -0.0094 | E23: =[1]AUDHKD!$E22 -> -0.018 | F23: =[1]AUDHKD!$D22 -> 0.0023 | G23: =[1]AUDHKD!$C22 -> 0.0094 | I23: 9M | J23: =[2]G7!$D9 -> 0.7 | K23: 0.2 | L23: 0.4 | M23: 0.2 | N23: 0.4 | P23: 9M | Q23: =(C23-J23/200)-0.002 -> 0.0764 | R23: =D23-K23/200 -> -0.0104 | S23: =E23-L23/200 -> -0.02 | T23: =F23-M23/200 -> 0.0013 | U23: =G23-N23/200 -> 0.0074 | W23: 9M | X23: =(C23+J23/200)-0.002 -> 0.0834 | Y23: =D23+K23/200 -> -0.0084 | Z23: =E23+L23/200 -> -0.016 | AA23: =F23+M23/200 -> 0.0033 | AB23: =G23+N23/200 -> 0.0114
A24: AUDHKD | B24: 1Y | C24: =[1]AUDHKD!$B23 -> 0.0845 | D24: =[1]AUDHKD!$F23 -> -0.0102 | E24: =[1]AUDHKD!$E23 -> -0.0196 | F24: =[1]AUDHKD!$D23 -> 0.0025 | G24: =[1]AUDHKD!$C23 -> 0.0103 | I24: 1Y | J24: =[2]G7!$D10 -> 0.73 | K24: 0.2 | L24: 0.4 | M24: 0.2 | N24: 0.4 | P24: 1Y | Q24: =(C24-J24/200)-0.002 -> 0.07885 | R24: =D24-K24/200 -> -0.0112 | S24: =E24-L24/200 -> -0.0216 | T24: =F24-M24/200 -> 0.0015 | U24: =G24-N24/200 -> 0.0083 | W24: 1Y | X24: =(C24+J24/200)-0.002 -> 0.08615 | Y24: =D24+K24/200 -> -0.0092 | Z24: =E24+L24/200 -> -0.0176 | AA24: =F24+M24/200 -> 0.0035 | AB24: =G24+N24/200 -> 0.0123
A25: AUDHKD | B25: 2Y | C25: =[1]AUDHKD!$B24 -> 0.0891 | D25: =[1]AUDHKD!$F24 -> -0.0124 | E25: =[1]AUDHKD!$E24 -> -0.0235 | F25: =[1]AUDHKD!$D24 -> 0.0029 | G25: =[1]AUDHKD!$C24 -> 0.0124 | I25: 2Y | J25: =[2]G7!$D11 -> 1.01 | K25: 0.2 | L25: 0.4 | M25: 0.2 | N25: 0.4 | P25: 2Y | Q25: =(C25-J25/200)-0.002 -> 0.08205 | R25: =D25-K25/200 -> -0.0134 | S25: =E25-L25/200 -> -0.0255 | T25: =F25-M25/200 -> 0.0019 | U25: =G25-N25/200 -> 0.0104 | W25: 2Y | X25: =(C25+J25/200)-0.002 -> 0.09215 | Y25: =D25+K25/200 -> -0.0114 | Z25: =E25+L25/200 -> -0.0215 | AA25: =F25+M25/200 -> 0.0039 | AB25: =G25+N25/200 -> 0.0144
A26: AUDHKD | B26: 3Y | C26: =[1]AUDHKD!$B25 -> 0.0916 | D26: =[1]AUDHKD!$F25 -> -0.0131 | E26: =[1]AUDHKD!$E25 -> -0.0245 | F26: =[1]AUDHKD!$D25 -> 0.0027 | G26: =[1]AUDHKD!$C25 -> 0.0123 | I26: 3Y | J26: =[2]G7!$D12 -> 1.29 | K26: 0.2 | L26: 0.4 | M26: 0.2 | N26: 0.4 | P26: 3Y | Q26: =(C26-J26/200)-0.002 -> 0.08315 | R26: =D26-K26/200 -> -0.0141 | S26: =E26-L26/200 -> -0.0265 | T26: =F26-M26/200 -> 0.0017 | U26: =G26-N26/200 -> 0.0103 | W26: 3Y | X26: =(C26+J26/200)-0.002 -> 0.09605 | Y26: =D26+K26/200 -> -0.0121 | Z26: =E26+L26/200 -> -0.0225 | AA26: =F26+M26/200 -> 0.0037 | AB26: =G26+N26/200 -> 0.0143
A29: Ccy Pair | B29: Mid | C29: ATM | D29: 25D RR | E29: 10D RR | F29: 25D BF | G29: 10D BF | I29: Spread | J29: ATM | K29: 25D RR | L29: 10D RR | M29: 25D BF | N29: 10D BF | P29: BID | Q29: ATM | R29: 25D RR | S29: 10D RR | T29: 25D BF | U29: 10D BF | W29: OFFER | X29: ATM | Y29: 25D RR | Z29: 10D RR | AA29: 25D BF | AB29: 10D BF
A30: USDCAD | B30: ON | C30: =[1]USDCAD!$B15 -> 0.0536 | D30: =[1]USDCAD!$F15 -> 0.0003 | E30: =[1]USDCAD!$E15 -> 0.0006 | F30: =[1]USDCAD!$D15 -> 0.0009 | G30: =[1]USDCAD!$C15 -> 0.0031 | I30: ON | J30: =[2]G7!$C14 -> 2.64 | K30: 0.9 | L30: 1.8 | M30: 1.3 | N30: 2.6 | P30: ON | Q30: =(C30-J30/200)-0.002 -> 0.0384 | R30: =D30-K30/200 -> -0.0042 | S30: =E30-L30/200 -> -0.0084 | T30: =F30-M30/200 -> -0.0056 | U30: =G30-N30/200 -> -0.0099 | W30: ON | X30: =(C30+J30/200)-0.002 -> 0.0648 | Y30: =D30+K30/200 -> 0.0048 | Z30: =E30+L30/200 -> 0.0096 | AA30: =F30+M30/200 -> 0.0074 | AB30: =G30+N30/200 -> 0.0161
A31: USDCAD | B31: 1W | C31: =[1]USDCAD!$B16 -> 0.0492 | D31: =[1]USDCAD!$F16 -> 0.0003 | E31: =[1]USDCAD!$E16 -> 0.0006 | F31: =[1]USDCAD!$D16 -> 0.0012 | G31: =[1]USDCAD!$C16 -> 0.0036 | I31: 1W | J31: =[2]G7!$C15 -> 1.23 | K31: 0.4 | L31: 0.8 | M31: 0.4 | N31: 0.8 | P31: 1W | Q31: =(C31-J31/200)-0.002 -> 0.04105 | R31: =D31-K31/200 -> -0.0017 | S31: =E31-L31/200 -> -0.0034 | T31: =F31-M31/200 -> -0.0008 | U31: =G31-N31/200 -> -0.0004 | W31: 1W | X31: =(C31+J31/200)-0.002 -> 0.05335 | Y31: =D31+K31/200 -> 0.0023 | Z31: =E31+L31/200 -> 0.0046 | AA31: =F31+M31/200 -> 0.0032 | AB31: =G31+N31/200 -> 0.0076
A32: USDCAD | B32: 2W | C32: =[1]USDCAD!$B17 -> 0.0485 | D32: =[1]USDCAD!$F17 -> 0.0003 | E32: =[1]USDCAD!$E17 -> 0.0007 | F32: =[1]USDCAD!$D17 -> 0.0014 | G32: =[1]USDCAD!$C17 -> 0.0043 | I32: 2W | J32: =[2]G7!$C16 -> 0.73 | K32: 0.2 | L32: 0.4 | M32: 0.2 | N32: 0.4 | P32: 2W | Q32: =(C32-J32/200)-0.002 -> 0.04285 | R32: =D32-K32/200 -> -0.0007 | S32: =E32-L32/200 -> -0.0013 | T32: =F32-M32/200 -> 0.0004 | U32: =G32-N32/200 -> 0.0023 | W32: 2W | X32: =(C32+J32/200)-0.002 -> 0.05015 | Y32: =D32+K32/200 -> 0.0013 | Z32: =E32+L32/200 -> 0.0027 | AA32: =F32+M32/200 -> 0.0024 | AB32: =G32+N32/200 -> 0.0063
A33: USDCAD | B33: 1M | C33: =[1]USDCAD!$B18 -> 0.0464 | D33: =[1]USDCAD!$F18 -> -0.0003 | E33: =[1]USDCAD!$E18 -> -0.0004 | F33: =[1]USDCAD!$D18 -> 0.0012 | G33: =[1]USDCAD!$C18 -> 0.004 | I33: 1M | J33: =[2]G7!$C17 -> 0.44 | K33: 0.2 | L33: 0.4 | M33: 0.2 | N33: 0.4 | P33: 1M | Q33: =(C33-J33/200)-0.002 -> 0.0422 | R33: =D33-K33/200 -> -0.0013 | S33: =E33-L33/200 -> -0.0024 | T33: =F33-M33/200 -> 0.0002 | U33: =G33-N33/200 -> 0.002 | W33: 1M | X33: =(C33+J33/200)-0.002 -> 0.0466 | Y33: =D33+K33/200 -> 0.0007 | Z33: =E33+L33/200 -> 0.0016 | AA33: =F33+M33/200 -> 0.0022 | AB33: =G33+N33/200 -> 0.006
A34: USDCAD | B34: 2M | C34: =[1]USDCAD!$B19 -> 0.0463 | D34: =[1]USDCAD!$F19 -> -0.0004 | E34: =[1]USDCAD!$E19 -> -0.0006 | F34: =[1]USDCAD!$D19 -> 0.0014 | G34: =[1]USDCAD!$C19 -> 0.0045 | I34: 2M | J34: =[2]G7!$C18 -> 0.41 | K34: 0.2 | L34: 0.4 | M34: 0.2 | N34: 0.4 | P34: 2M | Q34: =(C34-J34/200)-0.002 -> 0.04225 | R34: =D34-K34/200 -> -0.0014 | S34: =E34-L34/200 -> -0.0026 | T34: =F34-M34/200 -> 0.0004 | U34: =G34-N34/200 -> 0.0025 | W34: 2M | X34: =(C34+J34/200)-0.002 -> 0.04635 | Y34: =D34+K34/200 -> 0.0006 | Z34: =E34+L34/200 -> 0.0014 | AA34: =F34+M34/200 -> 0.0024 | AB34: =G34+N34/200 -> 0.0065
A35: USDCAD | B35: 3M | C35: =[1]USDCAD!$B20 -> 0.0465 | D35: =[1]USDCAD!$F20 -> -0.0004 | E35: =[1]USDCAD!$E20 -> -0.0007 | F35: =[1]USDCAD!$D20 -> 0.0015 | G35: =[1]USDCAD!$C20 -> 0.005 | I35: 3M | J35: =[2]G7!$C19 -> 0.4 | K35: 0.2 | L35: 0.4 | M35: 0.2 | N35: 0.4 | P35: 3M | Q35: =(C35-J35/200)-0.002 -> 0.0425 | R35: =D35-K35/200 -> -0.0014 | S35: =E35-L35/200 -> -0.0027 | T35: =F35-M35/200 -> 0.0005 | U35: =G35-N35/200 -> 0.003 | W35: 3M | X35: =(C35+J35/200)-0.002 -> 0.0465 | Y35: =D35+K35/200 -> 0.0006 | Z35: =E35+L35/200 -> 0.0013 | AA35: =F35+M35/200 -> 0.0025 | AB35: =G35+N35/200 -> 0.007
A36: USDCAD | B36: 6M | C36: =[1]USDCAD!$B21 -> 0.0476 | D36: =[1]USDCAD!$F21 -> 0.0002 | E36: =[1]USDCAD!$E21 -> 0.0005 | F36: =[1]USDCAD!$D21 -> 0.0018 | G36: =[1]USDCAD!$C21 -> 0.006 | I36: 6M | J36: =[2]G7!$C20 -> 0.36 | K36: 0.2 | L36: 0.4 | M36: 0.2 | N36: 0.4 | P36: 6M | Q36: =(C36-J36/200)-0.002 -> 0.0438 | R36: =D36-K36/200 -> -0.0008 | S36: =E36-L36/200 -> -0.0015 | T36: =F36-M36/200 -> 0.0008 | U36: =G36-N36/200 -> 0.004 | W36: 6M | X36: =(C36+J36/200)-0.002 -> 0.0474 | Y36: =D36+K36/200 -> 0.0012 | Z36: =E36+L36/200 -> 0.0025 | AA36: =F36+M36/200 -> 0.0028 | AB36: =G36+N36/200 -> 0.008
A37: USDCAD | B37: 9M | C37: =[1]USDCAD!$B22 -> 0.0496 | D37: =[1]USDCAD!$F22 -> 0.0002 | E37: =[1]USDCAD!$E22 -> 0.0006 | F37: =[1]USDCAD!$D22 -> 0.002 | G37: =[1]USDCAD!$C22 -> 0.0069 | I37: 9M | J37: =[2]G7!$C21 -> 0.36 | K37: 0.2 | L37: 0.4 | M37: 0.2 | N37: 0.4 | P37: 9M | Q37: =(C37-J37/200)-0.002 -> 0.0458 | R37: =D37-K37/200 -> -0.0008 | S37: =E37-L37/200 -> -0.0014 | T37: =F37-M37/200 -> 0.001 | U37: =G37-N37/200 -> 0.0049 | W37: 9M | X37: =(C37+J37/200)-0.002 -> 0.0494 | Y37: =D37+K37/200 -> 0.0012 | Z37: =E37+L37/200 -> 0.0026 | AA37: =F37+M37/200 -> 0.003 | AB37: =G37+N37/200 -> 0.0089
A38: USDCAD | B38: 1Y | C38: =[1]USDCAD!$B23 -> 0.0517 | D38: =[1]USDCAD!$F23 -> 0.0002 | E38: =[1]USDCAD!$E23 -> 0.0008 | F38: =[1]USDCAD!$D23 -> 0.0022 | G38: =[1]USDCAD!$C23 -> 0.0078 | I38: 1Y | J38: =[2]G7!$C22 -> 0.35 | K38: 0.2 | L38: 0.4 | M38: 0.2 | N38: 0.4 | P38: 1Y | Q38: =(C38-J38/200)-0.002 -> 0.04795 | R38: =D38-K38/200 -> -0.0008 | S38: =E38-L38/200 -> -0.0012 | T38: =F38-M38/200 -> 0.0012 | U38: =G38-N38/200 -> 0.0058 | W38: 1Y | X38: =(C38+J38/200)-0.002 -> 0.05145 | Y38: =D38+K38/200 -> 0.0012 | Z38: =E38+L38/200 -> 0.0028 | AA38: =F38+M38/200 -> 0.0032 | AB38: =G38+N38/200 -> 0.0098
A39: USDCAD | B39: 2Y | C39: =[1]USDCAD!$B24 -> 0.054 | D39: =[1]USDCAD!$F24 -> 0.0003 | E39: =[1]USDCAD!$E24 -> 0.0011 | F39: =[1]USDCAD!$D24 -> 0.0025 | G39: =[1]USDCAD!$C24 -> 0.0093 | I39: 2Y | J39: =[2]G7!$C23 -> 0.38 | K39: 0.2 | L39: 0.4 | M39: 0.2 | N39: 0.4 | P39: 2Y | Q39: =(C39-J39/200)-0.002 -> 0.0501 | R39: =D39-K39/200 -> -0.0007 | S39: =E39-L39/200 -> -0.0009 | T39: =F39-M39/200 -> 0.0015 | U39: =G39-N39/200 -> 0.0073 | W39: 2Y | X39: =(C39+J39/200)-0.002 -> 0.0539 | Y39: =D39+K39/200 -> 0.0013 | Z39: =E39+L39/200 -> 0.0031 | AA39: =F39+M39/200 -> 0.0035 | AB39: =G39+N39/200 -> 0.0113
A40: USDCAD | B40: 3Y | C40: =[1]USDCAD!$B25 -> 0.0563 | D40: =[1]USDCAD!$F25 -> 0.001 | E40: =[1]USDCAD!$E25 -> 0.0025 | F40: =[1]USDCAD!$D25 -> 0.0025 | G40: =[1]USDCAD!$C25 -> 0.0094 | I40: 3Y | J40: =[2]G7!$C24 -> 0.37 | K40: 0.2 | L40: 0.4 | M40: 0.2 | N40: 0.4 | P40: 3Y | Q40: =(C40-J40/200)-0.002 -> 0.05245 | R40: =D40-K40/200 -> 0 | S40: =E40-L40/200 -> 0.0005 | T40: =F40-M40/200 -> 0.0015 | U40: =G40-N40/200 -> 0.0074 | W40: 3Y | X40: =(C40+J40/200)-0.002 -> 0.05615 | Y40: =D40+K40/200 -> 0.002 | Z40: =E40+L40/200 -> 0.0045 | AA40: =F40+M40/200 -> 0.0035 | AB40: =G40+N40/200 -> 0.0114
A43: Ccy Pair | B43: Mid | C43: ATM | D43: 25D RR | E43: 10D RR | F43: 25D BF | G43: 10D BF | I43: Spread | J43: ATM | K43: 25D RR | L43: 10D RR | M43: 25D BF | N43: 10D BF | P43: BID | Q43: ATM | R43: 25D RR | S43: 10D RR | T43: 25D BF | U43: 10D BF | W43: OFFER | X43: ATM | Y43: 25D RR | Z43: 10D RR | AA43: 25D BF | AB43: 10D BF
A44: CADHKD | B44: ON | C44: =[1]CADHKD!$B15 -> 0.0551 | D44: =[1]CADHKD!$F15 -> -0.0004 | E44: =[1]CADHKD!$E15 -> -0.0007 | F44: =[1]CADHKD!$D15 -> 0.0011 | G44: =[1]CADHKD!$C15 -> 0.0041 | I44: ON | J44: =[2]G7!$D14 -> 9.43 | K44: 0.9 | L44: 1.8 | M44: 1.3 | N44: 2.6 | P44: ON | Q44: =(C44-J44/200)-0.002 -> 0.00595 | R44: =D44-K44/200 -> -0.0049 | S44: =E44-L44/200 -> -0.0097 | T44: =F44-M44/200 -> -0.0054 | U44: =G44-N44/200 -> -0.0089 | W44: ON | X44: =(C44+J44/200)-0.002 -> 0.10025 | Y44: =D44+K44/200 -> 0.0041 | Z44: =E44+L44/200 -> 0.0083 | AA44: =F44+M44/200 -> 0.0076 | AB44: =G44+N44/200 -> 0.0171
A45: CADHKD | B45: 1W | C45: =[1]CADHKD!$B16 -> 0.0484 | D45: =[1]CADHKD!$F16 -> -0.0002 | E45: =[1]CADHKD!$E16 -> -0.0004 | F45: =[1]CADHKD!$D16 -> 0.001 | G45: =[1]CADHKD!$C16 -> 0.0038 | I45: 1W | J45: =[2]G7!$D15 -> 4.04 | K45: 0.4 | L45: 0.8 | M45: 0.4 | N45: 0.8 | P45: 1W | Q45: =(C45-J45/200)-0.002 -> 0.0262 | R45: =D45-K45/200 -> -0.0022 | S45: =E45-L45/200 -> -0.0044 | T45: =F45-M45/200 -> -0.001 | U45: =G45-N45/200 -> -0.0002 | W45: 1W | X45: =(C45+J45/200)-0.002 -> 0.0666 | Y45: =D45+K45/200 -> 0.0018 | Z45: =E45+L45/200 -> 0.0036 | AA45: =F45+M45/200 -> 0.003 | AB45: =G45+N45/200 -> 0.0078
A46: CADHKD | B46: 2W | C46: =[1]CADHKD!$B17 -> 0.0453 | D46: =[1]CADHKD!$F17 -> 0.0001 | E46: =[1]CADHKD!$E17 -> 0.0002 | F46: =[1]CADHKD!$D17 -> 0.0011 | G46: =[1]CADHKD!$C17 -> 0.004 | I46: 2W | J46: =[2]G7!$D16 -> 2.39 | K46: 0.2 | L46: 0.4 | M46: 0.2 | N46: 0.4 | P46: 2W | Q46: =(C46-J46/200)-0.002 -> 0.03135 | R46: =D46-K46/200 -> -0.0009 | S46: =E46-L46/200 -> -0.0018 | T46: =F46-M46/200 -> 0.0001 | U46: =G46-N46/200 -> 0.002 | W46: 2W | X46: =(C46+J46/200)-0.002 -> 0.05525 | Y46: =D46+K46/200 -> 0.0011 | Z46: =E46+L46/200 -> 0.0022 | AA46: =F46+M46/200 -> 0.0021 | AB46: =G46+N46/200 -> 0.006
A47: CADHKD | B47: 1M | C47: =[1]CADHKD!$B18 -> 0.0453 | D47: =[1]CADHKD!$F18 -> 0.0003 | E47: =[1]CADHKD!$E18 -> 0.0006 | F47: =[1]CADHKD!$D18 -> 0.0012 | G47: =[1]CADHKD!$C18 -> 0.0042 | I47: 1M | J47: =[2]G7!$D17 -> 1.33 | K47: 0.2 | L47: 0.4 | M47: 0.2 | N47: 0.4 | P47: 1M | Q47: =(C47-J47/200)-0.002 -> 0.03665 | R47: =D47-K47/200 -> -0.0007 | S47: =E47-L47/200 -> -0.0014 | T47: =F47-M47/200 -> 0.0002 | U47: =G47-N47/200 -> 0.0022 | W47: 1M | X47: =(C47+J47/200)-0.002 -> 0.04995 | Y47: =D47+K47/200 -> 0.0013 | Z47: =E47+L47/200 -> 0.0026 | AA47: =F47+M47/200 -> 0.0022 | AB47: =G47+N47/200 -> 0.0062
A48: CADHKD | B48: 2M | C48: =[1]CADHKD!$B19 -> 0.0457 | D48: =[1]CADHKD!$F19 -> 0.0003 | E48: =[1]CADHKD!$E19 -> 0.0007 | F48: =[1]CADHKD!$D19 -> 0.0013 | G48: =[1]CADHKD!$C19 -> 0.0047 | I48: 2M | J48: =[2]G7!$D18 -> 1.23 | K48: 0.2 | L48: 0.4 | M48: 0.2 | N48: 0.4 | P48: 2M | Q48: =(C48-J48/200)-0.002 -> 0.03755 | R48: =D48-K48/200 -> -0.0007 | S48: =E48-L48/200 -> -0.0013 | T48: =F48-M48/200 -> 0.0003 | U48: =G48-N48/200 -> 0.0027 | W48: 2M | X48: =(C48+J48/200)-0.002 -> 0.04985 | Y48: =D48+K48/200 -> 0.0013 | Z48: =E48+L48/200 -> 0.0027 | AA48: =F48+M48/200 -> 0.0023 | AB48: =G48+N48/200 -> 0.0067
A49: CADHKD | B49: 3M | C49: =[1]CADHKD!$B20 -> 0.0463 | D49: =[1]CADHKD!$F20 -> 0.0004 | E49: =[1]CADHKD!$E20 -> 0.0008 | F49: =[1]CADHKD!$D20 -> 0.0014 | G49: =[1]CADHKD!$C20 -> 0.0052 | I49: 3M | J49: =[2]G7!$D19 -> 1.23 | K49: 0.2 | L49: 0.4 | M49: 0.2 | N49: 0.4 | P49: 3M | Q49: =(C49-J49/200)-0.002 -> 0.03815 | R49: =D49-K49/200 -> -0.0006 | S49: =E49-L49/200 -> -0.0012 | T49: =F49-M49/200 -> 0.0004 | U49: =G49-N49/200 -> 0.0032 | W49: 3M | X49: =(C49+J49/200)-0.002 -> 0.05045 | Y49: =D49+K49/200 -> 0.0014 | Z49: =E49+L49/200 -> 0.0028 | AA49: =F49+M49/200 -> 0.0024 | AB49: =G49+N49/200 -> 0.0072
A50: CADHKD | B50: 6M | C50: =[1]CADHKD!$B21 -> 0.0477 | D50: =[1]CADHKD!$F21 -> -0.0002 | E50: =[1]CADHKD!$E21 -> -0.0003 | F50: =[1]CADHKD!$D21 -> 0.0017 | G50: =[1]CADHKD!$C21 -> 0.0063 | I50: 6M | J50: =[2]G7!$D20 -> 1.06 | K50: 0.2 | L50: 0.4 | M50: 0.2 | N50: 0.4 | P50: 6M | Q50: =(C50-J50/200)-0.002 -> 0.0404 | R50: =D50-K50/200 -> -0.0012 | S50: =E50-L50/200 -> -0.0023 | T50: =F50-M50/200 -> 0.0007 | U50: =G50-N50/200 -> 0.0043 | W50: 6M | X50: =(C50+J50/200)-0.002 -> 0.051 | Y50: =D50+K50/200 -> 0.0008 | Z50: =E50+L50/200 -> 0.0017 | AA50: =F50+M50/200 -> 0.0027 | AB50: =G50+N50/200 -> 0.0083
A51: CADHKD | B51: 9M | C51: =[1]CADHKD!$B22 -> 0.0503 | D51: =[1]CADHKD!$F22 -> -0.0002 | E51: =[1]CADHKD!$E22 -> -0.0002 | F51: =[1]CADHKD!$D22 -> 0.0021 | G51: =[1]CADHKD!$C22 -> 0.0076 | I51: 9M | J51: =[2]G7!$D21 -> 1.03 | K51: 0.2 | L51: 0.4 | M51: 0.2 | N51: 0.4 | P51: 9M | Q51: =(C51-J51/200)-0.002 -> 0.04315 | R51: =D51-K51/200 -> -0.0012 | S51: =E51-L51/200 -> -0.0022 | T51: =F51-M51/200 -> 0.0011 | U51: =G51-N51/200 -> 0.0056 | W51: 9M | X51: =(C51+J51/200)-0.002 -> 0.05345 | Y51: =D51+K51/200 -> 0.0008 | Z51: =E51+L51/200 -> 0.0018 | AA51: =F51+M51/200 -> 0.0031 | AB51: =G51+N51/200 -> 0.0096
A52: CADHKD | B52: 1Y | C52: =[1]CADHKD!$B23 -> 0.0517 | D52: =[1]CADHKD!$F23 -> -0.0002 | E52: =[1]CADHKD!$E23 -> -0.0002 | F52: =[1]CADHKD!$D23 -> 0.0022 | G52: =[1]CADHKD!$C23 -> 0.0083 | I52: 1Y | J52: =[2]G7!$D22 -> 1.03 | K52: 0.2 | L52: 0.4 | M52: 0.2 | N52: 0.4 | P52: 1Y | Q52: =(C52-J52/200)-0.002 -> 0.04455 | R52: =D52-K52/200 -> -0.0012 | S52: =E52-L52/200 -> -0.0022 | T52: =F52-M52/200 -> 0.0012 | U52: =G52-N52/200 -> 0.0063 | W52: 1Y | X52: =(C52+J52/200)-0.002 -> 0.05485 | Y52: =D52+K52/200 -> 0.0008 | Z52: =E52+L52/200 -> 0.0018 | AA52: =F52+M52/200 -> 0.0032 | AB52: =G52+N52/200 -> 0.0103
A53: CADHKD | B53: 2Y | C53: =[1]CADHKD!$B24 -> 0.0539 | D53: =[1]CADHKD!$F24 -> -0.0003 | E53: =[1]CADHKD!$E24 -> 0.0001 | F53: =[1]CADHKD!$D24 -> 0.0025 | G53: =[1]CADHKD!$C24 -> 0.0094 | I53: 2Y | J53: =[2]G7!$D23 -> 1.19 | K53: 0.2 | L53: 0.4 | M53: 0.2 | N53: 0.4 | P53: 2Y | Q53: =(C53-J53/200)-0.002 -> 0.04595 | R53: =D53-K53/200 -> -0.0013 | S53: =E53-L53/200 -> -0.0019 | T53: =F53-M53/200 -> 0.0015 | U53: =G53-N53/200 -> 0.0074 | W53: 2Y | X53: =(C53+J53/200)-0.002 -> 0.05785 | Y53: =D53+K53/200 -> 0.0007 | Z53: =E53+L53/200 -> 0.0021 | AA53: =F53+M53/200 -> 0.0035 | AB53: =G53+N53/200 -> 0.0114
A54: CADHKD | B54: 3Y | C54: =[1]CADHKD!$B25 -> 0.0562 | D54: =[1]CADHKD!$F25 -> -0.0009 | E54: =[1]CADHKD!$E25 -> -0.0012 | F54: =[1]CADHKD!$D25 -> 0.0025 | G54: =[1]CADHKD!$C25 -> 0.0094 | I54: 3Y | J54: =[2]G7!$D24 -> 1.17 | K54: 0.2 | L54: 0.4 | M54: 0.2 | N54: 0.4 | P54: 3Y | Q54: =(C54-J54/200)-0.002 -> 0.04835 | R54: =D54-K54/200 -> -0.0019 | S54: =E54-L54/200 -> -0.0032 | T54: =F54-M54/200 -> 0.0015 | U54: =G54-N54/200 -> 0.0074 | W54: 3Y | X54: =(C54+J54/200)-0.002 -> 0.06005 | Y54: =D54+K54/200 -> 0.0001 | Z54: =E54+L54/200 -> 0.0008 | AA54: =F54+M54/200 -> 0.0035 | AB54: =G54+N54/200 -> 0.0114
A57: Ccy Pair | B57: Mid | C57: ATM | D57: 25D RR | E57: 10D RR | F57: 25D BF | G57: 10D BF | I57: Spread | J57: ATM | K57: 25D RR | L57: 10D RR | M57: 25D BF | N57: 10D BF | P57: BID | Q57: ATM | R57: 25D RR | S57: 10D RR | T57: 25D BF | U57: 10D BF | W57: OFFER | X57: ATM | Y57: 25D RR | Z57: 10D RR | AA57: 25D BF | AB57: 10D BF
A58: EURUSD | B58: ON | C58: =[1]EURUSD!$B15 -> 0.0413 | D58: =[1]EURUSD!$F15 -> -0.0012 | E58: =[1]EURUSD!$E15 -> -0.0024 | F58: =[1]EURUSD!$D15 -> 0.0008 | G58: =[1]EURUSD!$C15 -> 0.003 | I58: ON | J58: =[2]G7!$C26 -> 1.56 | K58: 1.4 | L58: 2.3 | M58: 1.4 | N58: 1.5 | P58: ON | Q58: =(C58-J58/200)-0.002 -> 0.0315 | R58: =D58-K58/200 -> -0.0082 | S58: =E58-L58/200 -> -0.0139 | T58: =F58-M58/200 -> -0.0062 | U58: =G58-N58/200 -> -0.0045 | W58: ON | X58: =(C58+J58/200)-0.002 -> 0.0471 | Y58: =D58+K58/200 -> 0.0058 | Z58: =E58+L58/200 -> 0.0091 | AA58: =F58+M58/200 -> 0.0078 | AB58: =G58+N58/200 -> 0.0105
A59: EURUSD | B59: 1W | C59: =[1]EURUSD!$B16 -> 0.0475 | D59: =[1]EURUSD!$F16 -> -0.0015 | E59: =[1]EURUSD!$E16 -> -0.0027 | F59: =[1]EURUSD!$D16 -> 0.0011 | G59: =[1]EURUSD!$C16 -> 0.0038 | I59: 1W | J59: =[2]G7!$C27 -> 0.67 | K59: 0.5 | L59: 0.8 | M59: 0.5 | N59: 0.5 | P59: 1W | Q59: =(C59-J59/200)-0.002 -> 0.04215 | R59: =D59-K59/200 -> -0.004 | S59: =E59-L59/200 -> -0.0067 | T59: =F59-M59/200 -> -0.0014 | U59: =G59-N59/200 -> 0.0013 | W59: 1W | X59: =(C59+J59/200)-0.002 -> 0.04885 | Y59: =D59+K59/200 -> 0.001 | Z59: =E59+L59/200 -> 0.0013 | AA59: =F59+M59/200 -> 0.0036 | AB59: =G59+N59/200 -> 0.0063
A60: EURUSD | B60: 2W | C60: =[1]EURUSD!$B17 -> 0.0511 | D60: =[1]EURUSD!$F17 -> -0.0016 | E60: =[1]EURUSD!$E17 -> -0.003 | F60: =[1]EURUSD!$D17 -> 0.0012 | G60: =[1]EURUSD!$C17 -> 0.0044 | I60: 2W | J60: =[2]G7!$C28 -> 0.51 | K60: 0.3 | L60: 0.5 | M60: 0.3 | N60: 0.4 | P60: 2W | Q60: =(C60-J60/200)-0.002 -> 0.04655 | R60: =D60-K60/200 -> -0.0031 | S60: =E60-L60/200 -> -0.0055 | T60: =F60-M60/200 -> -0.0003 | U60: =G60-N60/200 -> 0.0024 | W60: 2W | X60: =(C60+J60/200)-0.002 -> 0.05165 | Y60: =D60+K60/200 -> -0.0001 | Z60: =E60+L60/200 -> -0.0005 | AA60: =F60+M60/200 -> 0.0027 | AB60: =G60+N60/200 -> 0.0064
A61: EURUSD | B61: 1M | C61: =[1]EURUSD!$B18 -> 0.0498 | D61: =[1]EURUSD!$F18 -> -0.0017 | E61: =[1]EURUSD!$E18 -> -0.0032 | F61: =[1]EURUSD!$D18 -> 0.0014 | G61: =[1]EURUSD!$C18 -> 0.005 | I61: 1M | J61: =[2]G7!$C29 -> 0.31 | K61: 0.2 | L61: 0.3 | M61: 0.2 | N61: 0.2 | P61: 1M | Q61: =(C61-J61/200)-0.002 -> 0.04625 | R61: =D61-K61/200 -> -0.0027 | S61: =E61-L61/200 -> -0.0047 | T61: =F61-M61/200 -> 0.0004 | U61: =G61-N61/200 -> 0.004 | W61: 1M | X61: =(C61+J61/200)-0.002 -> 0.04935 | Y61: =D61+K61/200 -> -0.0007 | Z61: =E61+L61/200 -> -0.0017 | AA61: =F61+M61/200 -> 0.0024 | AB61: =G61+N61/200 -> 0.006
A62: EURUSD | B62: 2M | C62: =[1]EURUSD!$B19 -> 0.052 | D62: =[1]EURUSD!$F19 -> -0.0018 | E62: =[1]EURUSD!$E19 -> -0.0034 | F62: =[1]EURUSD!$D19 -> 0.0016 | G62: =[1]EURUSD!$C19 -> 0.0059 | I62: 2M | J62: =[2]G7!$C30 -> 0.34 | K62: 0.2 | L62: 0.3 | M62: 0.2 | N62: 0.2 | P62: 2M | Q62: =(C62-J62/200)-0.002 -> 0.0483 | R62: =D62-K62/200 -> -0.0028 | S62: =E62-L62/200 -> -0.0049 | T62: =F62-M62/200 -> 0.0006 | U62: =G62-N62/200 -> 0.0049 | W62: 2M | X62: =(C62+J62/200)-0.002 -> 0.0517 | Y62: =D62+K62/200 -> -0.0008 | Z62: =E62+L62/200 -> -0.0019 | AA62: =F62+M62/200 -> 0.0026 | AB62: =G62+N62/200 -> 0.0069
A63: EURUSD | B63: 3M | C63: =[1]EURUSD!$B20 -> 0.0526 | D63: =[1]EURUSD!$F20 -> -0.0018 | E63: =[1]EURUSD!$E20 -> -0.0035 | F63: =[1]EURUSD!$D20 -> 0.0019 | G63: =[1]EURUSD!$C20 -> 0.0068 | I63: 3M | J63: =[2]G7!$C31 -> 0.29 | K63: 0.2 | L63: 0.3 | M63: 0.2 | N63: 0.2 | P63: 3M | Q63: =(C63-J63/200)-0.002 -> 0.04915 | R63: =D63-K63/200 -> -0.0028 | S63: =E63-L63/200 -> -0.005 | T63: =F63-M63/200 -> 0.0009 | U63: =G63-N63/200 -> 0.0058 | W63: 3M | X63: =(C63+J63/200)-0.002 -> 0.05205 | Y63: =D63+K63/200 -> -0.0008 | Z63: =E63+L63/200 -> -0.002 | AA63: =F63+M63/200 -> 0.0029 | AB63: =G63+N63/200 -> 0.0078
A64: EURUSD | B64: 6M | C64: =[1]EURUSD!$B21 -> 0.0557 | D64: =[1]EURUSD!$F21 -> -0.0017 | E64: =[1]EURUSD!$E21 -> -0.0033 | F64: =[1]EURUSD!$D21 -> 0.0023 | G64: =[1]EURUSD!$C21 -> 0.0085 | I64: 6M | J64: =[2]G7!$C32 -> 0.29 | K64: 0.2 | L64: 0.2 | M64: 0.2 | N64: 0.2 | P64: 6M | Q64: =(C64-J64/200)-0.002 -> 0.05225 | R64: =D64-K64/200 -> -0.0027 | S64: =E64-L64/200 -> -0.0043 | T64: =F64-M64/200 -> 0.0013 | U64: =G64-N64/200 -> 0.0075 | W64: 6M | X64: =(C64+J64/200)-0.002 -> 0.05515 | Y64: =D64+K64/200 -> -0.0007 | Z64: =E64+L64/200 -> -0.0023 | AA64: =F64+M64/200 -> 0.0033 | AB64: =G64+N64/200 -> 0.0095
A65: EURUSD | B65: 9M | C65: =[1]EURUSD!$B22 -> 0.0603 | D65: =[1]EURUSD!$F22 -> -0.0018 | E65: =[1]EURUSD!$E22 -> -0.0034 | F65: =[1]EURUSD!$D22 -> 0.0025 | G65: =[1]EURUSD!$C22 -> 0.0094 | I65: 9M | J65: =[2]G7!$C33 -> 0.28 | K65: 0.2 | L65: 0.3 | M65: 0.2 | N65: 0.2 | P65: 9M | Q65: =(C65-J65/200)-0.002 -> 0.0569 | R65: =D65-K65/200 -> -0.0028 | S65: =E65-L65/200 -> -0.0049 | T65: =F65-M65/200 -> 0.0015 | U65: =G65-N65/200 -> 0.0084 | W65: 9M | X65: =(C65+J65/200)-0.002 -> 0.0597 | Y65: =D65+K65/200 -> -0.0008 | Z65: =E65+L65/200 -> -0.0019 | AA65: =F65+M65/200 -> 0.0035 | AB65: =G65+N65/200 -> 0.0104
A66: EURUSD | B66: 1Y | C66: =[1]EURUSD!$B23 -> 0.0625 | D66: =[1]EURUSD!$F23 -> -0.0019 | E66: =[1]EURUSD!$E23 -> -0.0035 | F66: =[1]EURUSD!$D23 -> 0.0029 | G66: =[1]EURUSD!$C23 -> 0.0109 | I66: 1Y | J66: =[2]G7!$C34 -> 0.29 | K66: 0.2 | L66: 0.2 | M66: 0.2 | N66: 0.2 | P66: 1Y | Q66: =(C66-J66/200)-0.002 -> 0.05905 | R66: =D66-K66/200 -> -0.0029 | S66: =E66-L66/200 -> -0.0045 | T66: =F66-M66/200 -> 0.0019 | U66: =G66-N66/200 -> 0.0099 | W66: 1Y | X66: =(C66+J66/200)-0.002 -> 0.06195 | Y66: =D66+K66/200 -> -0.0009 | Z66: =E66+L66/200 -> -0.0025 | AA66: =F66+M66/200 -> 0.0039 | AB66: =G66+N66/200 -> 0.0119
A67: EURUSD | B67: 2Y | C67: =[1]EURUSD!$B24 -> 0.0676 | D67: =[1]EURUSD!$F24 -> -0.002 | E67: =[1]EURUSD!$E24 -> -0.0035 | F67: =[1]EURUSD!$D24 -> 0.0037 | G67: =[1]EURUSD!$C24 -> 0.0134 | I67: 2Y | J67: =[2]G7!$C35 -> 0.36 | K67: 0.2 | L67: 0.3 | M67: 0.2 | N67: 0.2 | P67: 2Y | Q67: =(C67-J67/200)-0.002 -> 0.0638 | R67: =D67-K67/200 -> -0.003 | S67: =E67-L67/200 -> -0.005 | T67: =F67-M67/200 -> 0.0027 | U67: =G67-N67/200 -> 0.0124 | W67: 2Y | X67: =(C67+J67/200)-0.002 -> 0.0674 | Y67: =D67+K67/200 -> -0.001 | Z67: =E67+L67/200 -> -0.002 | AA67: =F67+M67/200 -> 0.0047 | AB67: =G67+N67/200 -> 0.0144
A68: EURUSD | B68: 3Y | C68: =[1]EURUSD!$B25 -> 0.0707 | D68: =[1]EURUSD!$F25 -> -0.0017 | E68: =[1]EURUSD!$E25 -> -0.003 | F68: =[1]EURUSD!$D25 -> 0.0033 | G68: =[1]EURUSD!$C25 -> 0.0119 | I68: 3Y | J68: =[2]G7!$C36 -> 0.44 | K68: 0.2 | L68: 0.3 | M68: 0.2 | N68: 0.2 | P68: 3Y | Q68: =(C68-J68/200)-0.002 -> 0.0665 | R68: =D68-K68/200 -> -0.0027 | S68: =E68-L68/200 -> -0.0045 | T68: =F68-M68/200 -> 0.0023 | U68: =G68-N68/200 -> 0.0109 | W68: 3Y | X68: =(C68+J68/200)-0.002 -> 0.0709 | Y68: =D68+K68/200 -> -0.0007 | Z68: =E68+L68/200 -> -0.0015 | AA68: =F68+M68/200 -> 0.0043 | AB68: =G68+N68/200 -> 0.0129
A71: Ccy Pair | B71: Mid | C71: ATM | D71: 25D RR | E71: 10D RR | F71: 25D BF | G71: 10D BF | I71: Spread | J71: ATM | K71: 25D RR | L71: 10D RR | M71: 25D BF | N71: 10D BF | P71: BID | Q71: ATM | R71: 25D RR | S71: 10D RR | T71: 25D BF | U71: 10D BF | W71: OFFER | X71: ATM | Y71: 25D RR | Z71: 10D RR | AA71: 25D BF | AB71: 10D BF
A72: EURHKD | B72: ON | C72: =[1]EURHKD!$B15 -> 0.0419 | D72: =[1]EURHKD!$F15 -> -0.0014 | E72: =[1]EURHKD!$E15 -> -0.0026 | F72: =[1]EURHKD!$D15 -> 0.0009 | G72: =[1]EURHKD!$C15 -> 0.0034 | I72: ON | J72: =[2]G7!$D26 -> 2.94 | K72: 1.4 | L72: 2.3 | M72: 1.4 | N72: 1.5 | P72: ON | Q72: =(C72-J72/200)-0.002 -> 0.0252 | R72: =D72-K72/200 -> -0.0084 | S72: =E72-L72/200 -> -0.0141 | T72: =F72-M72/200 -> -0.0061 | U72: =G72-N72/200 -> -0.0041 | W72: ON | X72: =(C72+J72/200)-0.002 -> 0.0546 | Y72: =D72+K72/200 -> 0.0056 | Z72: =E72+L72/200 -> 0.0089 | AA72: =F72+M72/200 -> 0.0079 | AB72: =G72+N72/200 -> 0.0109
A73: EURHKD | B73: 1W | C73: =[1]EURHKD!$B16 -> 0.048 | D73: =[1]EURHKD!$F16 -> -0.0016 | E73: =[1]EURHKD!$E16 -> -0.0031 | F73: =[1]EURHKD!$D16 -> 0.0011 | G73: =[1]EURHKD!$C16 -> 0.0041 | I73: 1W | J73: =[2]G7!$D27 -> 0.89 | K73: 0.5 | L73: 0.8 | M73: 0.5 | N73: 0.5 | P73: 1W | Q73: =(C73-J73/200)-0.002 -> 0.04155 | R73: =D73-K73/200 -> -0.0041 | S73: =E73-L73/200 -> -0.0071 | T73: =F73-M73/200 -> -0.0014 | U73: =G73-N73/200 -> 0.0016 | W73: 1W | X73: =(C73+J73/200)-0.002 -> 0.05045 | Y73: =D73+K73/200 -> 0.0009 | Z73: =E73+L73/200 -> 0.0009 | AA73: =F73+M73/200 -> 0.0036 | AB73: =G73+N73/200 -> 0.0066
A74: EURHKD | B74: 2W | C74: =[1]EURHKD!$B17 -> 0.0514 | D74: =[1]EURHKD!$F17 -> -0.0018 | E74: =[1]EURHKD!$E17 -> -0.0036 | F74: =[1]EURHKD!$D17 -> 0.0014 | G74: =[1]EURHKD!$C17 -> 0.005 | I74: 2W | J74: =[2]G7!$D28 -> 0.81 | K74: 0.3 | L74: 0.5 | M74: 0.3 | N74: 0.4 | P74: 2W | Q74: =(C74-J74/200)-0.002 -> 0.04535 | R74: =D74-K74/200 -> -0.0033 | S74: =E74-L74/200 -> -0.0061 | T74: =F74-M74/200 -> -0.0001 | U74: =G74-N74/200 -> 0.003 | W74: 2W | X74: =(C74+J74/200)-0.002 -> 0.05345 | Y74: =D74+K74/200 -> -0.0003 | Z74: =E74+L74/200 -> -0.0011 | AA74: =F74+M74/200 -> 0.0029 | AB74: =G74+N74/200 -> 0.007
A75: EURHKD | B75: 1M | C75: =[1]EURHKD!$B18 -> 0.05 | D75: =[1]EURHKD!$F18 -> -0.0018 | E75: =[1]EURHKD!$E18 -> -0.0036 | F75: =[1]EURHKD!$D18 -> 0.0014 | G75: =[1]EURHKD!$C18 -> 0.0051 | I75: 1M | J75: =[2]G7!$D29 -> 0.59 | K75: 0.2 | L75: 0.3 | M75: 0.2 | N75: 0.2 | P75: 1M | Q75: =(C75-J75/200)-0.002 -> 0.04505 | R75: =D75-K75/200 -> -0.0028 | S75: =E75-L75/200 -> -0.0051 | T75: =F75-M75/200 -> 0.0004 | U75: =G75-N75/200 -> 0.0041 | W75: 1M | X75: =(C75+J75/200)-0.002 -> 0.05095 | Y75: =D75+K75/200 -> -0.0008 | Z75: =E75+L75/200 -> -0.0021 | AA75: =F75+M75/200 -> 0.0024 | AB75: =G75+N75/200 -> 0.0061
A76: EURHKD | B76: 2M | C76: =[1]EURHKD!$B19 -> 0.0525 | D76: =[1]EURHKD!$F19 -> -0.002 | E76: =[1]EURHKD!$E19 -> -0.0039 | F76: =[1]EURHKD!$D19 -> 0.0017 | G76: =[1]EURHKD!$C19 -> 0.0063 | I76: 2M | J76: =[2]G7!$D30 -> 0.58 | K76: 0.2 | L76: 0.3 | M76: 0.2 | N76: 0.2 | P76: 2M | Q76: =(C76-J76/200)-0.002 -> 0.0476 | R76: =D76-K76/200 -> -0.003 | S76: =E76-L76/200 -> -0.0054 | T76: =F76-M76/200 -> 0.0007 | U76: =G76-N76/200 -> 0.0053 | W76: 2M | X76: =(C76+J76/200)-0.002 -> 0.0534 | Y76: =D76+K76/200 -> -0.001 | Z76: =E76+L76/200 -> -0.0024 | AA76: =F76+M76/200 -> 0.0027 | AB76: =G76+N76/200 -> 0.0073
A77: EURHKD | B77: 3M | C77: =[1]EURHKD!$B20 -> 0.0527 | D77: =[1]EURHKD!$F20 -> -0.0021 | E77: =[1]EURHKD!$E20 -> -0.004 | F77: =[1]EURHKD!$D20 -> 0.0019 | G77: =[1]EURHKD!$C20 -> 0.007 | I77: 3M | J77: =[2]G7!$D31 -> 0.59 | K77: 0.2 | L77: 0.3 | M77: 0.2 | N77: 0.2 | P77: 3M | Q77: =(C77-J77/200)-0.002 -> 0.04775 | R77: =D77-K77/200 -> -0.0031 | S77: =E77-L77/200 -> -0.0055 | T77: =F77-M77/200 -> 0.0009 | U77: =G77-N77/200 -> 0.006 | W77: 3M | X77: =(C77+J77/200)-0.002 -> 0.05365 | Y77: =D77+K77/200 -> -0.0011 | Z77: =E77+L77/200 -> -0.0025 | AA77: =F77+M77/200 -> 0.0029 | AB77: =G77+N77/200 -> 0.008
A78: EURHKD | B78: 6M | C78: =[1]EURHKD!$B21 -> 0.0558 | D78: =[1]EURHKD!$F21 -> -0.0021 | E78: =[1]EURHKD!$E21 -> -0.0039 | F78: =[1]EURHKD!$D21 -> 0.0023 | G78: =[1]EURHKD!$C21 -> 0.0087 | I78: 6M | J78: =[2]G7!$D32 -> 0.59 | K78: 0.2 | L78: 0.2 | M78: 0.2 | N78: 0.2 | P78: 6M | Q78: =(C78-J78/200)-0.002 -> 0.05085 | R78: =D78-K78/200 -> -0.0031 | S78: =E78-L78/200 -> -0.0049 | T78: =F78-M78/200 -> 0.0013 | U78: =G78-N78/200 -> 0.0077 | W78: 6M | X78: =(C78+J78/200)-0.002 -> 0.05675 | Y78: =D78+K78/200 -> -0.0011 | Z78: =E78+L78/200 -> -0.0029 | AA78: =F78+M78/200 -> 0.0033 | AB78: =G78+N78/200 -> 0.0097
A79: EURHKD | B79: 9M | C79: =[1]EURHKD!$B22 -> 0.0609 | D79: =[1]EURHKD!$F22 -> -0.0024 | E79: =[1]EURHKD!$E22 -> -0.0044 | F79: =[1]EURHKD!$D22 -> 0.0027 | G79: =[1]EURHKD!$C22 -> 0.0105 | I79: 9M | J79: =[2]G7!$D33 -> 0.59 | K79: 0.2 | L79: 0.3 | M79: 0.2 | N79: 0.2 | P79: 9M | Q79: =(C79-J79/200)-0.002 -> 0.05595 | R79: =D79-K79/200 -> -0.0034 | S79: =E79-L79/200 -> -0.0059 | T79: =F79-M79/200 -> 0.0017 | U79: =G79-N79/200 -> 0.0095 | W79: 9M | X79: =(C79+J79/200)-0.002 -> 0.06185 | Y79: =D79+K79/200 -> -0.0014 | Z79: =E79+L79/200 -> -0.0029 | AA79: =F79+M79/200 -> 0.0037 | AB79: =G79+N79/200 -> 0.0115
A80: EURHKD | B80: 1Y | C80: =[1]EURHKD!$B23 -> 0.0627 | D80: =[1]EURHKD!$F23 -> -0.0025 | E80: =[1]EURHKD!$E23 -> -0.0045 | F80: =[1]EURHKD!$D23 -> 0.0028 | G80: =[1]EURHKD!$C23 -> 0.0112 | I80: 1Y | J80: =[2]G7!$D34 -> 0.6 | K80: 0.2 | L80: 0.2 | M80: 0.2 | N80: 0.2 | P80: 1Y | Q80: =(C80-J80/200)-0.002 -> 0.0577 | R80: =D80-K80/200 -> -0.0035 | S80: =E80-L80/200 -> -0.0055 | T80: =F80-M80/200 -> 0.0018 | U80: =G80-N80/200 -> 0.0102 | W80: 1Y | X80: =(C80+J80/200)-0.002 -> 0.0637 | Y80: =D80+K80/200 -> -0.0015 | Z80: =E80+L80/200 -> -0.0035 | AA80: =F80+M80/200 -> 0.0038 | AB80: =G80+N80/200 -> 0.0122
A81: EURHKD | B81: 2Y | C81: =[1]EURHKD!$B24 -> 0.0676 | D81: =[1]EURHKD!$F24 -> -0.0031 | E81: =[1]EURHKD!$E24 -> -0.0052 | F81: =[1]EURHKD!$D24 -> 0.0035 | G81: =[1]EURHKD!$C24 -> 0.0136 | I81: 2Y | J81: =[2]G7!$D35 -> 1.13 | K81: 0.2 | L81: 0.3 | M81: 0.2 | N81: 0.2 | P81: 2Y | Q81: =(C81-J81/200)-0.002 -> 0.05995 | R81: =D81-K81/200 -> -0.0041 | S81: =E81-L81/200 -> -0.0067 | T81: =F81-M81/200 -> 0.0025 | U81: =G81-N81/200 -> 0.0126 | W81: 2Y | X81: =(C81+J81/200)-0.002 -> 0.07125 | Y81: =D81+K81/200 -> -0.0021 | Z81: =E81+L81/200 -> -0.0037 | AA81: =F81+M81/200 -> 0.0045 | AB81: =G81+N81/200 -> 0.0146
A82: EURHKD | B82: 3Y | C82: =[1]EURHKD!$B25 -> 0.0706 | D82: =[1]EURHKD!$F25 -> -0.0029 | E82: =[1]EURHKD!$E25 -> -0.0048 | F82: =[1]EURHKD!$D25 -> 0.0031 | G82: =[1]EURHKD!$C25 -> 0.0119 | I82: 3Y | J82: =[2]G7!$D36 -> 1.52 | K82: 0.2 | L82: 0.3 | M82: 0.2 | N82: 0.2 | P82: 3Y | Q82: =(C82-J82/200)-0.002 -> 0.061 | R82: =D82-K82/200 -> -0.0039 | S82: =E82-L82/200 -> -0.0063 | T82: =F82-M82/200 -> 0.0021 | U82: =G82-N82/200 -> 0.0109 | W82: 3Y | X82: =(C82+J82/200)-0.002 -> 0.0762 | Y82: =D82+K82/200 -> -0.0019 | Z82: =E82+L82/200 -> -0.0033 | AA82: =F82+M82/200 -> 0.0041 | AB82: =G82+N82/200 -> 0.0129
A85: Ccy Pair | B85: Mid | C85: ATM | D85: 25D RR | E85: 10D RR | F85: 25D BF | G85: 10D BF | I85: Spread | J85: ATM | K85: 25D RR | L85: 10D RR | M85: 25D BF | N85: 10D BF | P85: BID | Q85: ATM | R85: 25D RR | S85: 10D RR | T85: 25D BF | U85: 10D BF | W85: OFFER | X85: ATM | Y85: 25D RR | Z85: 10D RR | AA85: 25D BF | AB85: 10D BF
A86: GBPUSD | B86: ON | C86: =[1]GBPUSD!$B15 -> 0.0434 | D86: =[1]GBPUSD!$F15 -> -0.0029 | E86: =[1]GBPUSD!$E15 -> -0.0057 | F86: =[1]GBPUSD!$D15 -> 0.0009 | G86: =[1]GBPUSD!$C15 -> 0.0033 | I86: ON | J86: =[2]G7!$C38 -> 1.03 | K86: 3.2 | L86: 6.4 | M86: 2.4 | N86: 4.8 | P86: ON | Q86: =(C86-J86/200)-0.002 -> 0.03625 | R86: =D86-K86/200 -> -0.0189 | S86: =E86-L86/200 -> -0.0377 | T86: =F86-M86/200 -> -0.0111 | U86: =G86-N86/200 -> -0.0207 | W86: ON | X86: =(C86+J86/200)-0.002 -> 0.04655 | Y86: =D86+K86/200 -> 0.0131 | Z86: =E86+L86/200 -> 0.0263 | AA86: =F86+M86/200 -> 0.0129 | AB86: =G86+N86/200 -> 0.0273
A87: GBPUSD | B87: 1W | C87: =[1]GBPUSD!$B16 -> 0.0477 | D87: =[1]GBPUSD!$F16 -> -0.0032 | E87: =[1]GBPUSD!$E16 -> -0.006 | F87: =[1]GBPUSD!$D16 -> 0.0011 | G87: =[1]GBPUSD!$C16 -> 0.0036 | I87: 1W | J87: =[2]G7!$C39 -> 0.71 | K87: 1.5 | L87: 3 | M87: 1.2 | N87: 2.4 | P87: 1W | Q87: =(C87-J87/200)-0.002 -> 0.04215 | R87: =D87-K87/200 -> -0.0107 | S87: =E87-L87/200 -> -0.021 | T87: =F87-M87/200 -> -0.0049 | U87: =G87-N87/200 -> -0.0084 | W87: 1W | X87: =(C87+J87/200)-0.002 -> 0.04925 | Y87: =D87+K87/200 -> 0.0043 | Z87: =E87+L87/200 -> 0.009 | AA87: =F87+M87/200 -> 0.0071 | AB87: =G87+N87/200 -> 0.0156
A88: GBPUSD | B88: 2W | C88: =[1]GBPUSD!$B17 -> 0.0553 | D88: =[1]GBPUSD!$F17 -> -0.0039 | E88: =[1]GBPUSD!$E17 -> -0.0072 | F88: =[1]GBPUSD!$D17 -> 0.0013 | G88: =[1]GBPUSD!$C17 -> 0.0044 | I88: 2W | J88: =[2]G7!$C40 -> 0.55 | K88: 1.2 | L88: 2.4 | M88: 1 | N88: 2 | P88: 2W | Q88: =(C88-J88/200)-0.002 -> 0.05055 | R88: =D88-K88/200 -> -0.0099 | S88: =E88-L88/200 -> -0.0192 | T88: =F88-M88/200 -> -0.0037 | U88: =G88-N88/200 -> -0.0056 | W88: 2W | X88: =(C88+J88/200)-0.002 -> 0.05605 | Y88: =D88+K88/200 -> 0.0021 | Z88: =E88+L88/200 -> 0.0048 | AA88: =F88+M88/200 -> 0.0063 | AB88: =G88+N88/200 -> 0.0144
A89: GBPUSD | B89: 1M | C89: =[1]GBPUSD!$B18 -> 0.0535 | D89: =[1]GBPUSD!$F18 -> -0.0043 | E89: =[1]GBPUSD!$E18 -> -0.0079 | F89: =[1]GBPUSD!$D18 -> 0.0014 | G89: =[1]GBPUSD!$C18 -> 0.0048 | I89: 1M | J89: =[2]G7!$C41 -> 0.38 | K89: 0.6 | L89: 1.2 | M89: 0.5 | N89: 1 | P89: 1M | Q89: =(C89-J89/200)-0.002 -> 0.0496 | R89: =D89-K89/200 -> -0.0073 | S89: =E89-L89/200 -> -0.0139 | T89: =F89-M89/200 -> -0.0011 | U89: =G89-N89/200 -> -0.0002 | W89: 1M | X89: =(C89+J89/200)-0.002 -> 0.0534 | Y89: =D89+K89/200 -> -0.0013 | Z89: =E89+L89/200 -> -0.0019 | AA89: =F89+M89/200 -> 0.0039 | AB89: =G89+N89/200 -> 0.0098
A90: GBPUSD | B90: 2M | C90: =[1]GBPUSD!$B19 -> 0.0588 | D90: =[1]GBPUSD!$F19 -> -0.0061 | E90: =[1]GBPUSD!$E19 -> -0.0113 | F90: =[1]GBPUSD!$D19 -> 0.0016 | G90: =[1]GBPUSD!$C19 -> 0.0054 | I90: 2M | J90: =[2]G7!$C42 -> 0.37 | K90: 0.6 | L90: 1.2 | M90: 0.5 | N90: 1 | P90: 2M | Q90: =(C90-J90/200)-0.002 -> 0.05495 | R90: =D90-K90/200 -> -0.0091 | S90: =E90-L90/200 -> -0.0173 | T90: =F90-M90/200 -> -0.0009 | U90: =G90-N90/200 -> 0.0004 | W90: 2M | X90: =(C90+J90/200)-0.002 -> 0.05865 | Y90: =D90+K90/200 -> -0.0031 | Z90: =E90+L90/200 -> -0.0053 | AA90: =F90+M90/200 -> 0.0041 | AB90: =G90+N90/200 -> 0.0104
A91: GBPUSD | B91: 3M | C91: =[1]GBPUSD!$B20 -> 0.0596 | D91: =[1]GBPUSD!$F20 -> -0.0064 | E91: =[1]GBPUSD!$E20 -> -0.0121 | F91: =[1]GBPUSD!$D20 -> 0.0017 | G91: =[1]GBPUSD!$C20 -> 0.0059 | I91: 3M | J91: =[2]G7!$C43 -> 0.38 | K91: 0.6 | L91: 1.2 | M91: 0.5 | N91: 1 | P91: 3M | Q91: =(C91-J91/200)-0.002 -> 0.0557 | R91: =D91-K91/200 -> -0.0094 | S91: =E91-L91/200 -> -0.0181 | T91: =F91-M91/200 -> -0.0008 | U91: =G91-N91/200 -> 0.0009 | W91: 3M | X91: =(C91+J91/200)-0.002 -> 0.0595 | Y91: =D91+K91/200 -> -0.0034 | Z91: =E91+L91/200 -> -0.0061 | AA91: =F91+M91/200 -> 0.0042 | AB91: =G91+N91/200 -> 0.0109
A92: GBPUSD | B92: 6M | C92: =[1]GBPUSD!$B21 -> 0.0646 | D92: =[1]GBPUSD!$F21 -> -0.0077 | E92: =[1]GBPUSD!$E21 -> -0.0147 | F92: =[1]GBPUSD!$D21 -> 0.002 | G92: =[1]GBPUSD!$C21 -> 0.0075 | I92: 6M | J92: =[2]G7!$C44 -> 0.37 | K92: 0.6 | L92: 1.2 | M92: 0.5 | N92: 1 | P92: 6M | Q92: =(C92-J92/200)-0.002 -> 0.06075 | R92: =D92-K92/200 -> -0.0107 | S92: =E92-L92/200 -> -0.0207 | T92: =F92-M92/200 -> -0.0005 | U92: =G92-N92/200 -> 0.0025 | W92: 6M | X92: =(C92+J92/200)-0.002 -> 0.06445 | Y92: =D92+K92/200 -> -0.0047 | Z92: =E92+L92/200 -> -0.0087 | AA92: =F92+M92/200 -> 0.0045 | AB92: =G92+N92/200 -> 0.0125
A93: GBPUSD | B93: 9M | C93: =[1]GBPUSD!$B22 -> 0.069 | D93: =[1]GBPUSD!$F22 -> -0.009 | E93: =[1]GBPUSD!$E22 -> -0.0174 | F93: =[1]GBPUSD!$D22 -> 0.0025 | G93: =[1]GBPUSD!$C22 -> 0.0092 | I93: 9M | J93: =[2]G7!$C45 -> 0.36 | K93: 0.6 | L93: 1.2 | M93: 0.5 | N93: 1 | P93: 9M | Q93: =(C93-J93/200)-0.002 -> 0.0652 | R93: =D93-K93/200 -> -0.012 | S93: =E93-L93/200 -> -0.0234 | T93: =F93-M93/200 -> 0 | U93: =G93-N93/200 -> 0.0042 | W93: 9M | X93: =(C93+J93/200)-0.002 -> 0.0688 | Y93: =D93+K93/200 -> -0.006 | Z93: =E93+L93/200 -> -0.0114 | AA93: =F93+M93/200 -> 0.005 | AB93: =G93+N93/200 -> 0.0142
A94: GBPUSD | B94: 1Y | C94: =[1]GBPUSD!$B23 -> 0.0725 | D94: =[1]GBPUSD!$F23 -> -0.0103 | E94: =[1]GBPUSD!$E23 -> -0.02 | F94: =[1]GBPUSD!$D23 -> 0.0029 | G94: =[1]GBPUSD!$C23 -> 0.011 | I94: 1Y | J94: =[2]G7!$C46 -> 0.38 | K94: 0.6 | L94: 1.2 | M94: 0.5 | N94: 1 | P94: 1Y | Q94: =(C94-J94/200)-0.002 -> 0.0686 | R94: =D94-K94/200 -> -0.0133 | S94: =E94-L94/200 -> -0.026 | T94: =F94-M94/200 -> 0.0004 | U94: =G94-N94/200 -> 0.006 | W94: 1Y | X94: =(C94+J94/200)-0.002 -> 0.0724 | Y94: =D94+K94/200 -> -0.0073 | Z94: =E94+L94/200 -> -0.014 | AA94: =F94+M94/200 -> 0.0054 | AB94: =G94+N94/200 -> 0.016
A95: GBPUSD | B95: 2Y | C95: =[1]GBPUSD!$B24 -> 0.0766 | D95: =[1]GBPUSD!$F24 -> -0.0116 | E95: =[1]GBPUSD!$E24 -> -0.0219 | F95: =[1]GBPUSD!$D24 -> 0.0034 | G95: =[1]GBPUSD!$C24 -> 0.0123 | I95: 2Y | J95: =[2]G7!$C47 -> 0.42 | K95: 0.6 | L95: 1.2 | M95: 0.5 | N95: 1 | P95: 2Y | Q95: =(C95-J95/200)-0.002 -> 0.0725 | R95: =D95-K95/200 -> -0.0146 | S95: =E95-L95/200 -> -0.0279 | T95: =F95-M95/200 -> 0.0009 | U95: =G95-N95/200 -> 0.0073 | W95: 2Y | X95: =(C95+J95/200)-0.002 -> 0.0767 | Y95: =D95+K95/200 -> -0.0086 | Z95: =E95+L95/200 -> -0.0159 | AA95: =F95+M95/200 -> 0.0059 | AB95: =G95+N95/200 -> 0.0173
A96: GBPUSD | B96: 3Y | C96: =[1]GBPUSD!$B25 -> 0.0809 | D96: =[1]GBPUSD!$F25 -> -0.0119 | E96: =[1]GBPUSD!$E25 -> -0.0222 | F96: =[1]GBPUSD!$D25 -> 0.0035 | G96: =[1]GBPUSD!$C25 -> 0.0125 | I96: 3Y | J96: =[2]G7!$C48 -> 0.52 | K96: 0.6 | L96: 1.2 | M96: 0.5 | N96: 1 | P96: 3Y | Q96: =(C96-J96/200)-0.002 -> 0.0763 | R96: =D96-K96/200 -> -0.0149 | S96: =E96-L96/200 -> -0.0282 | T96: =F96-M96/200 -> 0.001 | U96: =G96-N96/200 -> 0.0075 | W96: 3Y | X96: =(C96+J96/200)-0.002 -> 0.0815 | Y96: =D96+K96/200 -> -0.0089 | Z96: =E96+L96/200 -> -0.0162 | AA96: =F96+M96/200 -> 0.006 | AB96: =G96+N96/200 -> 0.0175
A99: Ccy Pair | B99: Mid | C99: ATM | D99: 25D RR | E99: 10D RR | F99: 25D BF | G99: 10D BF | I99: Spread | J99: ATM | K99: 25D RR | L99: 10D RR | M99: 25D BF | N99: 10D BF | P99: BID | Q99: ATM | R99: 25D RR | S99: 10D RR | T99: 25D BF | U99: 10D BF | W99: OFFER | X99: ATM | Y99: 25D RR | Z99: 10D RR | AA99: 25D BF | AB99: 10D BF
A100: GBPHKD | B100: ON | C100: =[1]GBPHKD!$B15 -> 0.048 | D100: =[1]GBPHKD!$F15 -> -0.0033 | E100: =[1]GBPHKD!$E15 -> -0.0064 | F100: =[1]GBPHKD!$D15 -> 0.001 | G100: =[1]GBPHKD!$C15 -> 0.0037 | I100: ON | J100: =[2]G7!$D38 -> 2.76 | K100: 3.2 | L100: 6.4 | M100: 2.4 | N100: 4.8 | P100: ON | Q100: =(C100-J100/200)-0.002 -> 0.0322 | R100: =D100-K100/200 -> -0.0193 | S100: =E100-L100/200 -> -0.0384 | T100: =F100-M100/200 -> -0.011 | U100: =G100-N100/200 -> -0.0203 | W100: ON | X100: =(C100+J100/200)-0.002 -> 0.0598 | Y100: =D100+K100/200 -> 0.0127 | Z100: =E100+L100/200 -> 0.0256 | AA100: =F100+M100/200 -> 0.013 | AB100: =G100+N100/200 -> 0.0277
A101: GBPHKD | B101: 1W | C101: =[1]GBPHKD!$B16 -> 0.0494 | D101: =[1]GBPHKD!$F16 -> -0.0034 | E101: =[1]GBPHKD!$E16 -> -0.0066 | F101: =[1]GBPHKD!$D16 -> 0.001 | G101: =[1]GBPHKD!$C16 -> 0.0038 | I101: 1W | J101: =[2]G7!$D39 -> 1.35 | K101: 1.5 | L101: 3 | M101: 1.2 | N101: 2.4 | P101: 1W | Q101: =(C101-J101/200)-0.002 -> 0.04065 | R101: =D101-K101/200 -> -0.0109 | S101: =E101-L101/200 -> -0.0216 | T101: =F101-M101/200 -> -0.005 | U101: =G101-N101/200 -> -0.0082 | W101: 1W | X101: =(C101+J101/200)-0.002 -> 0.05415 | Y101: =D101+K101/200 -> 0.0041 | Z101: =E101+L101/200 -> 0.0084 | AA101: =F101+M101/200 -> 0.007 | AB101: =G101+N101/200 -> 0.0158
A102: GBPHKD | B102: 2W | C102: =[1]GBPHKD!$B17 -> 0.0573 | D102: =[1]GBPHKD!$F17 -> -0.0045 | E102: =[1]GBPHKD!$E17 -> -0.0087 | F102: =[1]GBPHKD!$D17 -> 0.0013 | G102: =[1]GBPHKD!$C17 -> 0.005 | I102: 2W | J102: =[2]G7!$D40 -> 1.24 | K102: 1.2 | L102: 2.4 | M102: 1 | N102: 2 | P102: 2W | Q102: =(C102-J102/200)-0.002 -> 0.0491 | R102: =D102-K102/200 -> -0.0105 | S102: =E102-L102/200 -> -0.0207 | T102: =F102-M102/200 -> -0.0037 | U102: =G102-N102/200 -> -0.005 | W102: 2W | X102: =(C102+J102/200)-0.002 -> 0.0615 | Y102: =D102+K102/200 -> 0.0015 | Z102: =E102+L102/200 -> 0.0033 | AA102: =F102+M102/200 -> 0.0063 | AB102: =G102+N102/200 -> 0.015
A103: GBPHKD | B103: 1M | C103: =[1]GBPHKD!$B18 -> 0.0543 | D103: =[1]GBPHKD!$F18 -> -0.0044 | E103: =[1]GBPHKD!$E18 -> -0.0085 | F103: =[1]GBPHKD!$D18 -> 0.0013 | G103: =[1]GBPHKD!$C18 -> 0.0048 | I103: 1M | J103: =[2]G7!$D41 -> 0.93 | K103: 0.6 | L103: 1.2 | M103: 0.5 | N103: 1 | P103: 1M | Q103: =(C103-J103/200)-0.002 -> 0.04765 | R103: =D103-K103/200 -> -0.0074 | S103: =E103-L103/200 -> -0.0145 | T103: =F103-M103/200 -> -0.0012 | U103: =G103-N103/200 -> -0.0002 | W103: 1M | X103: =(C103+J103/200)-0.002 -> 0.05695 | Y103: =D103+K103/200 -> -0.0014 | Z103: =E103+L103/200 -> -0.0025 | AA103: =F103+M103/200 -> 0.0038 | AB103: =G103+N103/200 -> 0.0098
A104: GBPHKD | B104: 2M | C104: =[1]GBPHKD!$B19 -> 0.0595 | D104: =[1]GBPHKD!$F19 -> -0.0063 | E104: =[1]GBPHKD!$E19 -> -0.0123 | F104: =[1]GBPHKD!$D19 -> 0.0015 | G104: =[1]GBPHKD!$C19 -> 0.0055 | I104: 2M | J104: =[2]G7!$D42 -> 0.91 | K104: 0.6 | L104: 1.2 | M104: 0.5 | N104: 1 | P104: 2M | Q104: =(C104-J104/200)-0.002 -> 0.05295 | R104: =D104-K104/200 -> -0.0093 | S104: =E104-L104/200 -> -0.0183 | T104: =F104-M104/200 -> -0.001 | U104: =G104-N104/200 -> 0.0005 | W104: 2M | X104: =(C104+J104/200)-0.002 -> 0.06205 | Y104: =D104+K104/200 -> -0.0033 | Z104: =E104+L104/200 -> -0.0063 | AA104: =F104+M104/200 -> 0.004 | AB104: =G104+N104/200 -> 0.0105
A105: GBPHKD | B105: 3M | C105: =[1]GBPHKD!$B20 -> 0.0603 | D105: =[1]GBPHKD!$F20 -> -0.0067 | E105: =[1]GBPHKD!$E20 -> -0.013 | F105: =[1]GBPHKD!$D20 -> 0.0016 | G105: =[1]GBPHKD!$C20 -> 0.006 | I105: 3M | J105: =[2]G7!$D43 -> 0.94 | K105: 0.6 | L105: 1.2 | M105: 0.5 | N105: 1 | P105: 3M | Q105: =(C105-J105/200)-0.002 -> 0.0536 | R105: =D105-K105/200 -> -0.0097 | S105: =E105-L105/200 -> -0.019 | T105: =F105-M105/200 -> -0.0009 | U105: =G105-N105/200 -> 0.001 | W105: 3M | X105: =(C105+J105/200)-0.002 -> 0.063 | Y105: =D105+K105/200 -> -0.0037 | Z105: =E105+L105/200 -> -0.007 | AA105: =F105+M105/200 -> 0.0041 | AB105: =G105+N105/200 -> 0.011
A106: GBPHKD | B106: 6M | C106: =[1]GBPHKD!$B21 -> 0.0651 | D106: =[1]GBPHKD!$F21 -> -0.0082 | E106: =[1]GBPHKD!$E21 -> -0.016 | F106: =[1]GBPHKD!$D21 -> 0.0019 | G106: =[1]GBPHKD!$C21 -> 0.0076 | I106: 6M | J106: =[2]G7!$D44 -> 0.95 | K106: 0.6 | L106: 1.2 | M106: 0.5 | N106: 1 | P106: 6M | Q106: =(C106-J106/200)-0.002 -> 0.05835 | R106: =D106-K106/200 -> -0.0112 | S106: =E106-L106/200 -> -0.022 | T106: =F106-M106/200 -> -0.0006 | U106: =G106-N106/200 -> 0.0026 | W106: 6M | X106: =(C106+J106/200)-0.002 -> 0.06785 | Y106: =D106+K106/200 -> -0.0052 | Z106: =E106+L106/200 -> -0.01 | AA106: =F106+M106/200 -> 0.0044 | AB106: =G106+N106/200 -> 0.0126
A107: GBPHKD | B107: 9M | C107: =[1]GBPHKD!$B22 -> 0.0703 | D107: =[1]GBPHKD!$F22 -> -0.0104 | E107: =[1]GBPHKD!$E22 -> -0.0203 | F107: =[1]GBPHKD!$D22 -> 0.0025 | G107: =[1]GBPHKD!$C22 -> 0.0101 | I107: 9M | J107: =[2]G7!$D45 -> 0.95 | K107: 0.6 | L107: 1.2 | M107: 0.5 | N107: 1 | P107: 9M | Q107: =(C107-J107/200)-0.002 -> 0.06355 | R107: =D107-K107/200 -> -0.0134 | S107: =E107-L107/200 -> -0.0263 | T107: =F107-M107/200 -> 0 | U107: =G107-N107/200 -> 0.0051 | W107: 9M | X107: =(C107+J107/200)-0.002 -> 0.07305 | Y107: =D107+K107/200 -> -0.0074 | Z107: =E107+L107/200 -> -0.0143 | AA107: =F107+M107/200 -> 0.005 | AB107: =G107+N107/200 -> 0.0151
A108: GBPHKD | B108: 1Y | C108: =[1]GBPHKD!$B23 -> 0.0731 | D108: =[1]GBPHKD!$F23 -> -0.0115 | E108: =[1]GBPHKD!$E23 -> -0.0224 | F108: =[1]GBPHKD!$D23 -> 0.0028 | G108: =[1]GBPHKD!$C23 -> 0.0112 | I108: 1Y | J108: =[2]G7!$D46 -> 0.98 | K108: 0.6 | L108: 1.2 | M108: 0.5 | N108: 1 | P108: 1Y | Q108: =(C108-J108/200)-0.002 -> 0.0662 | R108: =D108-K108/200 -> -0.0145 | S108: =E108-L108/200 -> -0.0284 | T108: =F108-M108/200 -> 0.0003 | U108: =G108-N108/200 -> 0.0062 | W108: 1Y | X108: =(C108+J108/200)-0.002 -> 0.076 | Y108: =D108+K108/200 -> -0.0085 | Z108: =E108+L108/200 -> -0.0164 | AA108: =F108+M108/200 -> 0.0053 | AB108: =G108+N108/200 -> 0.0162
A109: GBPHKD | B109: 2Y | C109: =[1]GBPHKD!$B24 -> 0.0775 | D109: =[1]GBPHKD!$F24 -> -0.0127 | E109: =[1]GBPHKD!$E24 -> -0.0244 | F109: =[1]GBPHKD!$D24 -> 0.0028 | G109: =[1]GBPHKD!$C24 -> 0.0119 | I109: 2Y | J109: =[2]G7!$D47 -> 2.5 | K109: 0.6 | L109: 1.2 | M109: 0.5 | N109: 1 | P109: 2Y | Q109: =(C109-J109/200)-0.002 -> 0.063 | R109: =D109-K109/200 -> -0.0157 | S109: =E109-L109/200 -> -0.0304 | T109: =F109-M109/200 -> 0.0003 | U109: =G109-N109/200 -> 0.0069 | W109: 2Y | X109: =(C109+J109/200)-0.002 -> 0.088 | Y109: =D109+K109/200 -> -0.0097 | Z109: =E109+L109/200 -> -0.0184 | AA109: =F109+M109/200 -> 0.0053 | AB109: =G109+N109/200 -> 0.0169
A110: GBPHKD | B110: 3Y | C110: =[1]GBPHKD!$B25 -> 0.0821 | D110: =[1]GBPHKD!$F25 -> -0.0133 | E110: =[1]GBPHKD!$E25 -> -0.0252 | F110: =[1]GBPHKD!$D25 -> 0.0026 | G110: =[1]GBPHKD!$C25 -> 0.0118 | I110: 3Y | J110: =[2]G7!$D48 -> 3.42 | K110: 0.6 | L110: 1.2 | M110: 0.5 | N110: 1 | P110: 3Y | Q110: =(C110-J110/200)-0.002 -> 0.063 | R110: =D110-K110/200 -> -0.0163 | S110: =E110-L110/200 -> -0.0312 | T110: =F110-M110/200 -> 0.0001 | U110: =G110-N110/200 -> 0.0068 | W110: 3Y | X110: =(C110+J110/200)-0.002 -> 0.0972 | Y110: =D110+K110/200 -> -0.0103 | Z110: =E110+L110/200 -> -0.0192 | AA110: =F110+M110/200 -> 0.0051 | AB110: =G110+N110/200 -> 0.0168
A113: Ccy Pair | B113: Mid | C113: ATM | D113: 25D RR | E113: 10D RR | F113: 25D BF | G113: 10D BF | I113: Spread | J113: ATM | K113: 25D RR | L113: 10D RR | M113: 25D BF | N113: 10D BF | P113: BID | Q113: ATM | R113: 25D RR | S113: 10D RR | T113: 25D BF | U113: 10D BF | W113: OFFER | X113: ATM | Y113: 25D RR | Z113: 10D RR | AA113: 25D BF | AB113: 10D BF
A114: USDJPY | B114: ON | C114: =[1]USDJPY!$B15 -> 0.1494 | D114: =[1]USDJPY!$F15 -> -0.0402 | E114: =[1]USDJPY!$E15 -> -0.0791 | F114: =[1]USDJPY!$D15 -> 0.004 | G114: =[1]USDJPY!$C15 -> 0.0161 | I114: ON | J114: =[2]G7!$C50 -> 4.04 | K114: 1.5 | L114: 3 | M114: 1.2 | N114: 2.4 | P114: ON | Q114: =(C114-J114/200)-0.002 -> 0.1272 | R114: =D114-K114/200 -> -0.0477 | S114: =E114-L114/200 -> -0.0941 | T114: =F114-M114/200 -> -0.002 | U114: =G114-N114/200 -> 0.0041 | W114: ON | X114: =(C114+J114/200)-0.002 -> 0.1676 | Y114: =D114+K114/200 -> -0.0327 | Z114: =E114+L114/200 -> -0.0641 | AA114: =F114+M114/200 -> 0.01 | AB114: =G114+N114/200 -> 0.0281
A115: USDJPY | B115: 1W | C115: =[1]USDJPY!$B16 -> 0.1184 | D115: =[1]USDJPY!$F16 -> -0.0275 | E115: =[1]USDJPY!$E16 -> -0.0431 | F115: =[1]USDJPY!$D16 -> 0.0034 | G115: =[1]USDJPY!$C16 -> 0.0107 | I115: 1W | J115: =[2]G7!$C51 -> 2 | K115: 0.5 | L115: 1 | M115: 0.4 | N115: 0.8 | P115: 1W | Q115: =(C115-J115/200)-0.002 -> 0.1064 | R115: =D115-K115/200 -> -0.03 | S115: =E115-L115/200 -> -0.0481 | T115: =F115-M115/200 -> 0.0014 | U115: =G115-N115/200 -> 0.0067 | W115: 1W | X115: =(C115+J115/200)-0.002 -> 0.1264 | Y115: =D115+K115/200 -> -0.025 | Z115: =E115+L115/200 -> -0.0381 | AA115: =F115+M115/200 -> 0.0054 | AB115: =G115+N115/200 -> 0.0147
A116: USDJPY | B116: 2W | C116: =[1]USDJPY!$B17 -> 0.1195 | D116: =[1]USDJPY!$F17 -> -0.0253 | E116: =[1]USDJPY!$E17 -> -0.0396 | F116: =[1]USDJPY!$D17 -> 0.0031 | G116: =[1]USDJPY!$C17 -> 0.0095 | I116: 2W | J116: =[2]G7!$C52 -> 1.7 | K116: 0.2 | L116: 0.4 | M116: 0.2 | N116: 0.4 | P116: 2W | Q116: =(C116-J116/200)-0.002 -> 0.109 | R116: =D116-K116/200 -> -0.0263 | S116: =E116-L116/200 -> -0.0416 | T116: =F116-M116/200 -> 0.0021 | U116: =G116-N116/200 -> 0.0075 | W116: 2W | X116: =(C116+J116/200)-0.002 -> 0.126 | Y116: =D116+K116/200 -> -0.0243 | Z116: =E116+L116/200 -> -0.0376 | AA116: =F116+M116/200 -> 0.0041 | AB116: =G116+N116/200 -> 0.0115
...

Sheet G7 Output
A1: AUDUSD | O1: Bloomberg | P1: DCAP Formula | R1: Bloomberg | S1: DCAP Formula | U1: Bloomberg | V1: DCAP Formula | X1: Bloomberg | Y1: DCAP Formula | AA1: Bloomberg | AB1: DCAP Formula
A2: Bid | B2: ATM Vol | C2: RR25 | D2: RR10 | E2: Fly25 | F2: Fly10 | H2: Ask | I2: ATM Vol | J2: RR25 | K2: RR10 | L2: Fly25 | M2: Fly10 | O2: ATM | P2: Bid | Q2: Ask | R2: RR25 | S2: Bid | T2: Ask | U2: RR10 | V2: Bid | W2: Ask | X2: Fly25 | Y2: Bid | Z2: Ask | AA2: Fly10 | AB2: Bid | AC2: Ask
A3: ON | B3: ='G7 Input'!Q2 -> 0.0584 | C3: ='G7 Input'!R2 -> -0.0093 | D3: ='G7 Input'!S2 -> -0.0184 | E3: ='G7 Input'!T2 -> -0.005 | F3: ='G7 Input'!U2 -> -0.0086 | H3: ON | I3: ='G7 Input'!X2 -> 0.0664 | J3: ='G7 Input'!Y2 -> 0.0027 | K3: ='G7 Input'!Z2 -> 0.0056 | L3: ='G7 Input'!AA2 -> 0.007 | M3: ='G7 Input'!AB2 -> 0.0154 | O3: ADUSV1D | P3: =_xll.PLContribFull(B3*100,"BID",O3,"Slot46","TICKER",3,,"Valid") -> 5.840 (12:14:42.765166) | Q3: =_xll.PLContribFull(I3*100,"ASK",O3,"Slot46","TICKER",3,,"Valid") -> 6.640 (12:14:42.767165) | R3: ADUSRR1D | S3: =_xll.PLContribFull(C3*100,"BID",R3,"Slot46","TICKER",3,,"Valid") -> -0.930 (12:14:42.747168) | T3: =_xll.PLContribFull(J3*100,"ASK",R3,"Slot46","TICKER",3,,"Valid") -> 0.270 (12:14:42.770167) | U3: ADUSRX1D | V3: =_xll.PLContribFull(D3*100,"BID",U3,"Slot46","TICKER",3,,"Valid") -> -1.840 (12:14:42.745167) | W3: =_xll.PLContribFull(K3*100,"ASK",U3,"Slot46","TICKER",3,,"Valid") -> 0.560 (12:14:42.766166) | X3: ADUSB1D | Y3: =_xll.PLContribFull(E3*100,"BID",X3,"Slot46","TICKER",3,,"Valid") -> -0.500 (12:14:42.762166) | Z3: =_xll.PLContribFull(L3*100,"ASK",X3,"Slot46","TICKER",3,,"Valid") -> 0.700 (12:14:42.742167) | AA3: ADUSBX1D | AB3: =_xll.PLContribFull(F3*100,"BID",AA3,"Slot46","TICKER",3,,"Valid") -> -0.860 (12:14:42.773167) | AC3: =_xll.PLContribFull(M3*100,"ASK",AA3,"Slot46","TICKER",3,,"Valid") -> 1.540 (12:14:42.760167)
A4: 1W | B4: ='G7 Input'!Q3 -> 0.0571 | C4: ='G7 Input'!R3 -> -0.0061 | D4: ='G7 Input'!S3 -> -0.0131 | E4: ='G7 Input'!T3 -> -0.0013 | F4: ='G7 Input'!U3 -> -0.0007 | H4: 1W | I4: ='G7 Input'!X3 -> 0.0639 | J4: ='G7 Input'!Y3 -> -0.0011 | K4: ='G7 Input'!Z3 -> -0.0031 | L4: ='G7 Input'!AA3 -> 0.0037 | M4: ='G7 Input'!AB3 -> 0.0093 | O4: ADUSV1W | P4: =_xll.PLContribFull(B4*100,"BID",O4,"Slot46","TICKER",3,,"Valid") -> 5.710 (12:14:42.762166) | Q4: =_xll.PLContribFull(I4*100,"ASK",O4,"Slot46","TICKER",3,,"Valid") -> 6.390 (12:14:42.760167) | R4: ADUSRR1W | S4: =_xll.PLContribFull(C4*100,"BID",R4,"Slot46","TICKER",3,,"Valid") -> -0.610 (12:14:42.778167) | T4: =_xll.PLContribFull(J4*100,"ASK",R4,"Slot46","TICKER",3,,"Valid") -> -0.110 (12:14:42.767165) | U4: ADUSRX1W | V4: =_xll.PLContribFull(D4*100,"BID",U4,"Slot46","TICKER",3,,"Valid") -> -1.310 (12:14:42.766166) | W4: =_xll.PLContribFull(K4*100,"ASK",U4,"Slot46","TICKER",3,,"Valid") -> -0.310 (12:14:42.764166) | X4: ADUSB1W | Y4: =_xll.PLContribFull(E4*100,"BID",X4,"Slot46","TICKER",3,,"Valid") -> -0.130 (12:14:42.753167) | Z4: =_xll.PLContribFull(L4*100,"ASK",X4,"Slot46","TICKER",3,,"Valid") -> 0.370 (12:14:42.762166) | AA4: ADUSBX1W | AB4: =_xll.PLContribFull(F4*100,"BID",AA4,"Slot46","TICKER",3,,"Valid") -> -0.070 (12:14:42.751168) | AC4: =_xll.PLContribFull(M4*100,"ASK",AA4,"Slot46","TICKER",3,,"Valid") -> 0.930 (12:14:42.771168)
A5: 2W | B5: ='G7 Input'!Q4 -> 0.06225 | C5: ='G7 Input'!R4 -> -0.0056 | D5: ='G7 Input'!S4 -> -0.012 | E5: ='G7 Input'!T4 -> -0.0002 | F5: ='G7 Input'!U4 -> 0.0017 | H5: 2W | I5: ='G7 Input'!X4 -> 0.06755 | J5: ='G7 Input'!Y4 -> -0.0026 | K5: ='G7 Input'!Z4 -> -0.006 | L5: ='G7 Input'!AA4 -> 0.0028 | M5: ='G7 Input'!AB4 -> 0.0077 | O5: ADUSV2W | P5: =_xll.PLContribFull(B5*100,"BID",O5,"Slot46","TICKER",3,,"Valid") -> 6.225 (12:14:42.770167) | Q5: =_xll.PLContribFull(I5*100,"ASK",O5,"Slot46","TICKER",3,,"Valid") -> 6.755 (12:14:42.761166) | R5: ADUSRR2W | S5: =_xll.PLContribFull(C5*100,"BID",R5,"Slot46","TICKER",3,,"Valid") -> -0.560 (12:14:42.769168) | T5: =_xll.PLContribFull(J5*100,"ASK",R5,"Slot46","TICKER",3,,"Valid") -> -0.260 (12:14:42.774166) | U5: ADUSRX2W | V5: =_xll.PLContribFull(D5*100,"BID",U5,"Slot46","TICKER",3,,"Valid") -> -1.200 (12:14:42.776167) | W5: =_xll.PLContribFull(K5*100,"ASK",U5,"Slot46","TICKER",3,,"Valid") -> -0.600 (12:14:42.763166) | X5: ADUSB2W | Y5: =_xll.PLContribFull(E5*100,"BID",X5,"Slot46","TICKER",3,,"Valid") -> -0.020 (12:14:42.764166) | Z5: =_xll.PLContribFull(L5*100,"ASK",X5,"Slot46","TICKER",3,,"Valid") -> 0.280 (12:14:42.762166) | AA5: ADUSBX2W | AB5: =_xll.PLContribFull(F5*100,"BID",AA5,"Slot46","TICKER",3,,"Valid") -> 0.170 (12:14:42.761166) | AC5: =_xll.PLContribFull(M5*100,"ASK",AA5,"Slot46","TICKER",3,,"Valid") -> 0.770 (12:14:42.761166)
A6: 1M | B6: ='G7 Input'!Q5 -> 0.0663 | C6: ='G7 Input'!R5 -> -0.0059 | D6: ='G7 Input'!S5 -> -0.012 | E6: ='G7 Input'!T5 -> 0.0004 | F6: ='G7 Input'!U5 -> 0.0031 | H6: 1M | I6: ='G7 Input'!X5 -> 0.0697 | J6: ='G7 Input'!Y5 -> -0.0039 | K6: ='G7 Input'!Z5 -> -0.008 | L6: ='G7 Input'!AA5 -> 0.0024 | M6: ='G7 Input'!AB5 -> 0.0071 | O6: ADUSV1M | P6: =_xll.PLContribFull(B6*100,"BID",O6,"Slot46","TICKER",3,,"Valid") -> 6.630 (12:14:42.770167) | Q6: =_xll.PLContribFull(I6*100,"ASK",O6,"Slot46","TICKER",3,,"Valid") -> 6.970 (12:14:42.770167) | R6: ADUSVRR | S6: =_xll.PLContribFull(C6*100,"BID",R6,"Slot46","TICKER",3,,"Valid") -> -0.590 (12:14:42.761166) | T6: =_xll.PLContribFull(J6*100,"ASK",R6,"Slot46","TICKER",3,,"Valid") -> -0.390 (12:14:42.774166) | U6: ADUSRX1M | V6: =_xll.PLContribFull(D6*100,"BID",U6,"Slot46","TICKER",3,,"Valid") -> -1.200 (12:14:42.776167) | W6: =_xll.PLContribFull(K6*100,"ASK",U6,"Slot46","TICKER",3,,"Valid") -> -0.800 (12:14:42.763166) | X6: ADUSB1M | Y6: =_xll.PLContribFull(E6*100,"BID",X6,"Slot46","TICKER",3,,"Valid") -> 0.040 (12:14:42.753167) | Z6: =_xll.PLContribFull(L6*100,"ASK",X6,"Slot46","TICKER",3,,"Valid") -> 0.240 (12:14:42.770167) | AA6: ADUSBX1M | AB6: =_xll.PLContribFull(F6*100,"BID",AA6,"Slot46","TICKER",3,,"Valid") -> 0.310 (12:14:42.755167) | AC6: =_xll.PLContribFull(M6*100,"ASK",AA6,"Slot46","TICKER",3,,"Valid") -> 0.710 (12:14:42.777166)
A7: 2M | B7: ='G7 Input'!Q6 -> 0.0687 | C7: ='G7 Input'!R6 -> -0.0066 | D7: ='G7 Input'!S6 -> -0.0137 | E7: ='G7 Input'!T6 -> 0.0007 | F7: ='G7 Input'!U6 -> 0.004 | H7: 2M | I7: ='G7 Input'!X6 -> 0.0721 | J7: ='G7 Input'!Y6 -> -0.0046 | K7: ='G7 Input'!Z6 -> -0.0097 | L7: ='G7 Input'!AA6 -> 0.0027 | M7: ='G7 Input'!AB6 -> 0.008 | O7: ADUSV2M | P7: =_xll.PLContribFull(B7*100,"BID",O7,"Slot46","TICKER",3,,"Valid") -> 6.870 (12:14:42.759166) | Q7: =_xll.PLContribFull(I7*100,"ASK",O7,"Slot46","TICKER",3,,"Valid") -> 7.210 (12:14:42.768166) | R7: ADUSRR2M | S7: =_xll.PLContribFull(C7*100,"BID",R7,"Slot46","TICKER",3,,"Valid") -> -0.660 (12:14:42.764166) | T7: =_xll.PLContribFull(J7*100,"ASK",R7,"Slot46","TICKER",3,,"Valid") -> -0.460 (12:14:42.767165) | U7: ADUSRX2M | V7: =_xll.PLContribFull(D7*100,"BID",U7,"Slot46","TICKER",3,,"Valid") -> -1.370 (12:14:42.770167) | W7: =_xll.PLContribFull(K7*100,"ASK",U7,"Slot46","TICKER",3,,"Valid") -> -0.970 (12:14:42.767165) | X7: ADUSB2M | Y7: =_xll.PLContribFull(E7*100,"BID",X7,"Slot46","TICKER",3,,"Valid") -> 0.070 (12:14:42.762166) | Z7: =_xll.PLContribFull(L7*100,"ASK",X7,"Slot46","TICKER",3,,"Valid") -> 0.270 (12:14:42.763166) | AA7: ADUSBX2M | AB7: =_xll.PLContribFull(F7*100,"BID",AA7,"Slot46","TICKER",3,,"Valid") -> 0.400 (12:14:42.762166) | AC7: =_xll.PLContribFull(M7*100,"ASK",AA7,"Slot46","TICKER",3,,"Valid") -> 0.800 (12:14:42.756167)
A8: 3M | B8: ='G7 Input'!Q7 -> 0.0703 | C8: ='G7 Input'!R7 -> -0.0072 | D8: ='G7 Input'!S7 -> -0.0152 | E8: ='G7 Input'!T7 -> 0.001 | F8: ='G7 Input'!U7 -> 0.0049 | H8: 3M | I8: ='G7 Input'!X7 -> 0.0737 | J8: ='G7 Input'!Y7 -> -0.0052 | K8: ='G7 Input'!Z7 -> -0.0112 | L8: ='G7 Input'!AA7 -> 0.003 | M8: ='G7 Input'!AB7 -> 0.0089 | O8: ADUSV3M | P8: =_xll.PLContribFull(B8*100,"BID",O8,"Slot46","TICKER",3,,"Valid") -> 7.030 (12:14:42.768166) | Q8: =_xll.PLContribFull(I8*100,"ASK",O8,"Slot46","TICKER",3,,"Valid") -> 7.370 (12:14:42.763166) | R8: ADUSRR3M | S8: =_xll.PLContribFull(C8*100,"BID",R8,"Slot46","TICKER",3,,"Valid") -> -0.720 (12:14:42.767165) | T8: =_xll.PLContribFull(J8*100,"ASK",R8,"Slot46","TICKER",3,,"Valid") -> -0.520 (12:14:42.770167) | U8: ADUSRX3M | V8: =_xll.PLContribFull(D8*100,"BID",U8,"Slot46","TICKER",3,,"Valid") -> -1.520 (12:14:42.763166) | W8: =_xll.PLContribFull(K8*100,"ASK",U8,"Slot46","TICKER",3,,"Valid") -> -1.120 (12:14:42.764166) | X8: ADUSB3M | Y8: =_xll.PLContribFull(E8*100,"BID",X8,"Slot46","TICKER",3,,"Valid") -> 0.100 (12:14:42.778167) | Z8: =_xll.PLContribFull(L8*100,"ASK",X8,"Slot46","TICKER",3,,"Valid") -> 0.300 (12:14:42.753167) | AA8: ADUSBX3M | AB8: =_xll.PLContribFull(F8*100,"BID",AA8,"Slot46","TICKER",3,,"Valid") -> 0.490 (12:14:42.749167) | AC8: =_xll.PLContribFull(M8*100,"ASK",AA8,"Slot46","TICKER",3,,"Valid") -> 0.890 (12:14:42.769168)
A9: 6M | B9: ='G7 Input'!Q8 -> 0.07385 | C9: ='G7 Input'!R8 -> -0.0085 | D9: ='G7 Input'!S8 -> -0.0179 | E9: ='G7 Input'!T8 -> 0.0012 | F9: ='G7 Input'!U8 -> 0.0057 | H9: 6M | I9: ='G7 Input'!X8 -> 0.07715 | J9: ='G7 Input'!Y8 -> -0.0065 | K9: ='G7 Input'!Z8 -> -0.0139 | L9: ='G7 Input'!AA8 -> 0.0032 | M9: ='G7 Input'!AB8 -> 0.0097 | O9: ADUSV6M | P9: =_xll.PLContribFull(B9*100,"BID",O9,"Slot46","TICKER",3,,"Valid") -> 7.385 (12:14:42.759166) | Q9: =_xll.PLContribFull(I9*100,"ASK",O9,"Slot46","TICKER",3,,"Valid") -> 7.715 (12:14:42.768166) | R9: ADUSRR6M | S9: =_xll.PLContribFull(C9*100,"BID",R9,"Slot46","TICKER",3,,"Valid") -> -0.850 (12:14:42.771168) | T9: =_xll.PLContribFull(J9*100,"ASK",R9,"Slot46","TICKER",3,,"Valid") -> -0.650 (12:14:42.774166) | U9: ADUSRX6M | V9: =_xll.PLContribFull(D9*100,"BID",U9,"Slot46","TICKER",3,,"Valid") -> -1.790 (12:14:42.742167) | W9: =_xll.PLContribFull(K9*100,"ASK",U9,"Slot46","TICKER",3,,"Valid") -> -1.390 (12:14:42.773167) | X9: ADUSB6M | Y9: =_xll.PLContribFull(E9*100,"BID",X9,"Slot46","TICKER",3,,"Valid") -> 0.120 (12:14:42.770167) | Z9: =_xll.PLContribFull(L9*100,"ASK",X9,"Slot46","TICKER",3,,"Valid") -> 0.320 (12:14:42.767165) | AA9: ADUSBX6M | AB9: =_xll.PLContribFull(F9*100,"BID",AA9,"Slot46","TICKER",3,,"Valid") -> 0.570 (12:14:42.750168) | AC9: =_xll.PLContribFull(M9*100,"ASK",AA9,"Slot46","TICKER",3,,"Valid") -> 0.970 (12:14:42.774166)
A10: 9M | B10: ='G7 Input'!Q9 -> 0.07745 | C10: ='G7 Input'!R9 -> -0.0095 | D10: ='G7 Input'!S9 -> -0.0201 | E10: ='G7 Input'!T9 -> 0.0015 | F10: ='G7 Input'!U9 -> 0.007 | H10: 9M | I10: ='G7 Input'!X9 -> 0.08075 | J10: ='G7 Input'!Y9 -> -0.0075 | K10: ='G7 Input'!Z9 -> -0.0161 | L10: ='G7 Input'!AA9 -> 0.0035 | M10: ='G7 Input'!AB9 -> 0.011 | O10: ADUSV9M | P10: =_xll.PLContribFull(B10*100,"BID",O10,"Slot46","TICKER",3,,"Valid") -> 7.745 (12:14:42.764166) | Q10: =_xll.PLContribFull(I10*100,"ASK",O10,"Slot46","TICKER",3,,"Valid") -> 8.075 (12:14:42.767165) | R10: ADUSRR9M | S10: =_xll.PLContribFull(C10*100,"BID",R10,"Slot46","TICKER",3,,"Valid") -> -0.950 (12:14:42.742167) | T10: =_xll.PLContribFull(J10*100,"ASK",R10,"Slot46","TICKER",3,,"Valid") -> -0.750 (12:14:42.764166) | U10: ADUSRX9M | V10: =_xll.PLContribFull(D10*100,"BID",U10,"Slot46","TICKER",3,,"Valid") -> -2.010 (12:14:42.778167) | W10: =_xll.PLContribFull(K10*100,"ASK",U10,"Slot46","TICKER",3,,"Valid") -> -1.610 (12:14:42.745167) | X10: ADUSB9M | Y10: =_xll.PLContribFull(E10*100,"BID",X10,"Slot46","TICKER",3,,"Valid") -> 0.150 (12:14:42.740168) | Z10: =_xll.PLContribFull(L10*100,"ASK",X10,"Slot46","TICKER",3,,"Valid") -> 0.350 (12:14:42.764166) | AA10: ADUSBX9M | AB10: =_xll.PLContribFull(F10*100,"BID",AA10,"Slot46","TICKER",3,,"Valid") -> 0.700 (12:14:42.764166) | AC10: =_xll.PLContribFull(M10*100,"ASK",AA10,"Slot46","TICKER",3,,"Valid") -> 1.100 (12:14:42.770167)
A11: 1Y | B11: ='G7 Input'!Q10 -> 0.08045 | C11: ='G7 Input'!R10 -> -0.0105 | D11: ='G7 Input'!S10 -> -0.0222 | E11: ='G7 Input'!T10 -> 0.0019 | F11: ='G7 Input'!U10 -> 0.0083 | H11: 1Y | I11: ='G7 Input'!X10 -> 0.08395 | J11: ='G7 Input'!Y10 -> -0.0085 | K11: ='G7 Input'!Z10 -> -0.0182 | L11: ='G7 Input'!AA10 -> 0.0039 | M11: ='G7 Input'!AB10 -> 0.0123 | O11: ADUSV1Y | P11: =_xll.PLContribFull(B11*100,"BID",O11,"Slot46","TICKER",3,,"Valid") -> 8.045 (12:14:42.774166) | Q11: =_xll.PLContribFull(I11*100,"ASK",O11,"Slot46","TICKER",3,,"Valid") -> 8.395 (12:14:42.766166) | R11: ADUSRR1Y | S11: =_xll.PLContribFull(C11*100,"BID",R11,"Slot46","TICKER",3,,"Valid") -> -1.050 (12:14:42.774166) | T11: =_xll.PLContribFull(J11*100,"ASK",R11,"Slot46","TICKER",3,,"Valid") -> -0.850 (12:14:42.769168) | U11: ADUSRX1Y | V11: =_xll.PLContribFull(D11*100,"BID",U11,"Slot46","TICKER",3,,"Valid") -> -2.220 (12:14:42.758167) | W11: =_xll.PLContribFull(K11*100,"ASK",U11,"Slot46","TICKER",3,,"Valid") -> -1.820 (12:14:42.742167) | X11: ADUSB1Y | Y11: =_xll.PLContribFull(E11*100,"BID",X11,"Slot46","TICKER",3,,"Valid") -> 0.190 (12:14:42.762166) | Z11: =_xll.PLContribFull(L11*100,"ASK",X11,"Slot46","TICKER",3,,"Valid") -> 0.390 (12:14:42.776167) | AA11: ADUSBX1Y | AB11: =_xll.PLContribFull(F11*100,"BID",AA11,"Slot46","TICKER",3,,"Valid") -> 0.830 (12:14:42.759166) | AC11: =_xll.PLContribFull(M11*100,"ASK",AA11,"Slot46","TICKER",3,,"Valid") -> 1.230 (12:14:42.765166)
A12: 2Y | B12: ='G7 Input'!Q11 -> 0.0845 | C12: ='G7 Input'!R11 -> -0.0127 | D12: ='G7 Input'!S11 -> -0.0263 | E12: ='G7 Input'!T11 -> 0.0029 | F12: ='G7 Input'!U11 -> 0.0112 | H12: 2Y | I12: ='G7 Input'!X11 -> 0.0885 | J12: ='G7 Input'!Y11 -> -0.0107 | K12: ='G7 Input'!Z11 -> -0.0223 | L12: ='G7 Input'!AA11 -> 0.0049 | M12: ='G7 Input'!AB11 -> 0.0152 | O12: ADUSV2Y | P12: =_xll.PLContribFull(B12*100,"BID",O12,"Slot46","TICKER",3,,"Valid") -> 8.450 (12:14:42.769168) | Q12: =_xll.PLContribFull(I12*100,"ASK",O12,"Slot46","TICKER",3,,"Valid") -> 8.850 (12:14:42.777166) | R12: ADUSRR2Y | S12: =_xll.PLContribFull(C12*100,"BID",R12,"Slot46","TICKER",3,,"Valid") -> -1.270 (12:14:42.765166) | T12: =_xll.PLContribFull(J12*100,"ASK",R12,"Slot46","TICKER",3,,"Valid") -> -1.070 (12:14:42.772166) | U12: ADUSRX2Y | V12: =_xll.PLContribFull(D12*100,"BID",U12,"Slot46","TICKER",3,,"Valid") -> -2.630 (12:14:42.773167) | W12: =_xll.PLContribFull(K12*100,"ASK",U12,"Slot46","TICKER",3,,"Valid") -> -2.230 (12:14:42.771168) | X12: ADUSB2Y | Y12: =_xll.PLContribFull(E12*100,"BID",X12,"Slot46","TICKER",3,,"Valid") -> 0.290 (12:14:42.763166) | Z12: =_xll.PLContribFull(L12*100,"ASK",X12,"Slot46","TICKER",3,,"Valid") -> 0.490 (12:14:42.771168) | AA12: ADUSBX2Y | AB12: =_xll.PLContribFull(F12*100,"BID",AA12,"Slot46","TICKER",3,,"Valid") -> 1.120 (12:14:42.764166) | AC12: =_xll.PLContribFull(M12*100,"ASK",AA12,"Slot46","TICKER",3,,"Valid") -> 1.520 (12:14:42.754169)
A13: 3Y | B13: ='G7 Input'!Q12 -> 0.08575 | C13: ='G7 Input'!R12 -> -0.013 | D13: ='G7 Input'!S12 -> -0.0268 | E13: ='G7 Input'!T12 -> 0.0028 | F13: ='G7 Input'!U12 -> 0.0113 | H13: 3Y | I13: ='G7 Input'!X12 -> 0.09045 | J13: ='G7 Input'!Y12 -> -0.011 | K13: ='G7 Input'!Z12 -> -0.0228 | L13: ='G7 Input'!AA12 -> 0.0048 | M13: ='G7 Input'!AB12 -> 0.0153 | O13: ADUSV3Y | P13: =_xll.PLContribFull(B13*100,"BID",O13,"Slot46","TICKER",3,,"Valid") -> 8.575 (12:14:42.772166) | Q13: =_xll.PLContribFull(I13*100,"ASK",O13,"Slot46","TICKER",3,,"Valid") -> 9.045 (12:14:42.778167) | R13: ADUSRR3Y | S13: =_xll.PLContribFull(C13*100,"BID",R13,"Slot46","TICKER",3,,"Valid") -> -1.300 (12:14:42.769168) | T13: =_xll.PLContribFull(J13*100,"ASK",R13,"Slot46","TICKER",3,,"Valid") -> -1.100 (12:14:42.751168) | U13: ADUSRX3Y | V13: =_xll.PLContribFull(D13*100,"BID",U13,"Slot46","TICKER",3,,"Valid") -> -2.680 (12:14:42.768166) | W13: =_xll.PLContribFull(K13*100,"ASK",U13,"Slot46","TICKER",3,,"Valid") -> -2.280 (12:14:42.744167) | X13: ADUSB3Y | Y13: =_xll.PLContribFull(E13*100,"BID",X13,"Slot46","TICKER",3,,"Valid") -> 0.280 (12:14:42.753167) | Z13: =_xll.PLContribFull(L13*100,"ASK",X13,"Slot46","TICKER",3,,"Valid") -> 0.480 (12:14:42.775167) | AA13: ADUSBX3Y | AB13: =_xll.PLContribFull(F13*100,"BID",AA13,"Slot46","TICKER",3,,"Valid") -> 1.130 (12:14:42.769168) | AC13: =_xll.PLContribFull(M13*100,"ASK",AA13,"Slot46","TICKER",3,,"Valid") -> 1.530 (12:14:42.777166)
A16: AUDHKD | O16: Bloomberg | P16: DCAP Formula | R16: Bloomberg | S16: DCAP Formula | U16: Bloomberg | V16: DCAP Formula | X16: Bloomberg | Y16: DCAP Formula | AA16: Bloomberg | AB16: DCAP Formula
A17: Bid | B17: ATM Vol | C17: RR25 | D17: RR10 | E17: Fly25 | F17: Fly10 | H17: Ask | I17: ATM Vol | J17: RR25 | K17: RR10 | L17: Fly25 | M17: Fly10 | O17: ATM | P17: Bid | Q17: Ask | R17: RR25 | S17: Bid | T17: Ask | U17: RR10 | V17: Bid | W17: Ask | X17: Fly25 | Y17: Bid | Z17: Ask | AA17: Fly10 | AB17: Bid | AC17: Ask
A18: ON | B18: ='G7 Input'!Q16 -> 0.0456 | C18: ='G7 Input'!R16 -> -0.0099 | D18: ='G7 Input'!S16 -> -0.0197 | E18: ='G7 Input'!T16 -> -0.0048 | F18: ='G7 Input'!U16 -> -0.0077 | H18: ON | I18: ='G7 Input'!X16 -> 0.0766 | J18: ='G7 Input'!Y16 -> 0.0021 | K18: ='G7 Input'!Z16 -> 0.0043 | L18: ='G7 Input'!AA16 -> 0.0072 | M18: ='G7 Input'!AB16 -> 0.0163 | O18: ADHDV1D | P18: =_xll.PLContribFull(B18*100,"BID",O18,"Slot46","TICKER",3,,"Valid") -> 4.560 (12:14:42.765166) | Q18: =_xll.PLContribFull(I18*100,"ASK",O18,"Slot46","TICKER",3,,"Valid") -> 7.660 (12:14:42.766166) | R18: ADHDRR1D | S18: =_xll.PLContribFull(C18*100,"BID",R18,"Slot46","TICKER",3,,"Valid") -> -0.990 (12:14:42.767165) | T18: =_xll.PLContribFull(J18*100,"ASK",R18,"Slot46","TICKER",3,,"Valid") -> 0.210 (12:14:42.767165) | U18: ADHDRX1D | V18: =_xll.PLContribFull(D18*100,"BID",U18,"Slot46","TICKER",3,,"Valid") -> -1.970 (12:14:42.771168) | W18: =_xll.PLContribFull(K18*100,"ASK",U18,"Slot46","TICKER",3,,"Valid") -> 0.430 (12:14:42.769168) | X18: ADHDB1D | Y18: =_xll.PLContribFull(E18*100,"BID",X18,"Slot46","TICKER",3,,"Valid") -> -0.480 (12:14:42.767165) | Z18: =_xll.PLContribFull(L18*100,"ASK",X18,"Slot46","TICKER",3,,"Valid") -> 0.720 (12:14:42.754169) | AA18: ADHDBX1D | AB18: =_xll.PLContribFull(F18*100,"BID",AA18,"Slot46","TICKER",3,,"Valid") -> -0.770 (12:14:42.773167) | AC18: =_xll.PLContribFull(M18*100,"ASK",AA18,"Slot46","TICKER",3,,"Valid") -> 1.630 (12:14:42.765166)
A19: 1W | B19: ='G7 Input'!Q17 -> 0.04925 | C19: ='G7 Input'!R17 -> -0.0064 | D19: ='G7 Input'!S17 -> -0.0125 | E19: ='G7 Input'!T17 -> -0.0014 | F19: ='G7 Input'!U17 -> -0.0008 | H19: 1W | I19: ='G7 Input'!X17 -> 0.07035 | J19: ='G7 Input'!Y17 -> -0.0014 | K19: ='G7 Input'!Z17 -> -0.0025 | L19: ='G7 Input'!AA17 -> 0.0036 | M19: ='G7 Input'!AB17 -> 0.0092 | O19: ADHDV1W | P19: =_xll.PLContribFull(B19*100,"BID",O19,"Slot46","TICKER",3,,"Valid") -> 4.925 (12:14:42.761166) | Q19: =_xll.PLContribFull(I19*100,"ASK",O19,"Slot46","TICKER",3,,"Valid") -> 7.035 (12:14:42.774166) | R19: ADHDRR1W | S19: =_xll.PLContribFull(C19*100,"BID",R19,"Slot46","TICKER",3,,"Valid") -> -0.640 (12:14:42.747168) | T19: =_xll.PLContribFull(J19*100,"ASK",R19,"Slot46","TICKER",3,,"Valid") -> -0.140 (12:14:42.759166) | U19: ADHDRX1W | V19: =_xll.PLContribFull(D19*100,"BID",U19,"Slot46","TICKER",3,,"Valid") -> -1.250 (12:14:42.756167) | W19: =_xll.PLContribFull(K19*100,"ASK",U19,"Slot46","TICKER",3,,"Valid") -> -0.250 (12:14:42.760167) | X19: ADHDB1W | Y19: =_xll.PLContribFull(E19*100,"BID",X19,"Slot46","TICKER",3,,"Valid") -> -0.140 (12:14:42.772166) | Z19: =_xll.PLContribFull(L19*100,"ASK",X19,"Slot46","TICKER",3,,"Valid") -> 0.360 (12:14:42.747168) | AA19: ADHDBX1W | AB19: =_xll.PLContribFull(F19*100,"BID",AA19,"Slot46","TICKER",3,,"Valid") -> -0.080 (12:14:42.764166) | AC19: =_xll.PLContribFull(M19*100,"ASK",AA19,"Slot46","TICKER",3,,"Valid") -> 0.920 (12:14:42.763166)
A20: 2W | B20: ='G7 Input'!Q18 -> 0.05815 | C20: ='G7 Input'!R18 -> -0.0062 | D20: ='G7 Input'!S18 -> -0.0121 | E20: ='G7 Input'!T18 -> -0.0002 | F20: ='G7 Input'!U18 -> 0.0018 | H20: 2W | I20: ='G7 Input'!X18 -> 0.07325 | J20: ='G7 Input'!Y18 -> -0.0032 | K20: ='G7 Input'!Z18 -> -0.0061 | L20: ='G7 Input'!AA18 -> 0.0028 | M20: ='G7 Input'!AB18 -> 0.0078 | O20: ADHDV2W | P20: =_xll.PLContribFull(B20*100,"BID",O20,"Slot46","TICKER",3,,"Valid") -> 5.815 (12:14:42.763166) | Q20: =_xll.PLContribFull(I20*100,"ASK",O20,"Slot46","TICKER",3,,"Valid") -> 7.325 (12:14:42.762166) | R20: ADHDRR2W | S20: =_xll.PLContribFull(C20*100,"BID",R20,"Slot46","TICKER",3,,"Valid") -> -0.620 (12:14:42.764166) | T20: =_xll.PLContribFull(J20*100,"ASK",R20,"Slot46","TICKER",3,,"Valid") -> -0.320 (12:14:42.764166) | U20: ADHDRX2W | V20: =_xll.PLContribFull(D20*100,"BID",U20,"Slot46","TICKER",3,,"Valid") -> -1.210 (12:14:42.769168) | W20: =_xll.PLContribFull(K20*100,"ASK",U20,"Slot46","TICKER",3,,"Valid") -> -0.610 (12:14:42.748167) | X20: ADHDB2W | Y20: =_xll.PLContribFull(E20*100,"BID",X20,"Slot46","TICKER",3,,"Valid") -> -0.020 (12:14:42.741170) | Z20: =_xll.PLContribFull(L20*100,"ASK",X20,"Slot46","TICKER",3,,"Valid") -> 0.280 (12:14:42.777166) | AA20: ADHDBX2W | AB20: =_xll.PLContribFull(F20*100,"BID",AA20,"Slot46","TICKER",3,,"Valid") -> 0.180 (12:14:42.769168) | AC20: =_xll.PLContribFull(M20*100,"ASK",AA20,"Slot46","TICKER",3,,"Valid") -> 0.780 (12:14:42.770167)
A21: 1M | B21: ='G7 Input'!Q19 -> 0.06365 | C21: ='G7 Input'!R19 -> -0.006 | D21: ='G7 Input'!S19 -> -0.0117 | E21: ='G7 Input'!T19 -> 0.0004 | F21: ='G7 Input'!U19 -> 0.003 | H21: 1M | I21: ='G7 Input'!X19 -> 0.07115 | J21: ='G7 Input'!Y19 -> -0.004 | K21: ='G7 Input'!Z19 -> -0.0077 | L21: ='G7 Input'!AA19 -> 0.0024 | M21: ='G7 Input'!AB19 -> 0.007 | O21: ADHDV1M | P21: =_xll.PLContribFull(B21*100,"BID",O21,"Slot46","TICKER",3,,"Valid") -> 6.365 (12:14:42.766166) | Q21: =_xll.PLContribFull(I21*100,"ASK",O21,"Slot46","TICKER",3,,"Valid") -> 7.115 (12:14:42.762166) | R21: ADHDVRR | S21: =_xll.PLContribFull(C21*100,"BID",R21,"Slot46","TICKER",3,,"Valid") -> -0.600 (12:14:42.768166) | T21: =_xll.PLContribFull(J21*100,"ASK",R21,"Slot46","TICKER",3,,"Valid") -> -0.400 (12:14:42.746167) | U21: ADHDRX1M | V21: =_xll.PLContribFull(D21*100,"BID",U21,"Slot46","TICKER",3,,"Valid") -> -1.170 (12:14:42.761166) | W21: =_xll.PLContribFull(K21*100,"ASK",U21,"Slot46","TICKER",3,,"Valid") -> -0.770 (12:14:42.762166) | X21: ADHDB1M | Y21: =_xll.PLContribFull(E21*100,"BID",X21,"Slot46","TICKER",3,,"Valid") -> 0.040 (12:14:42.742167) | Z21: =_xll.PLContribFull(L21*100,"ASK",X21,"Slot46","TICKER",3,,"Valid") -> 0.240 (12:14:42.765166) | AA21: ADHDBX1M | AB21: =_xll.PLContribFull(F21*100,"BID",AA21,"Slot46","TICKER",3,,"Valid") -> 0.300 (12:14:42.774166) | AC21: =_xll.PLContribFull(M21*100,"ASK",AA21,"Slot46","TICKER",3,,"Valid") -> 0.700 (12:14:42.777166)
A22: 2M | B22: ='G7 Input'!Q20 -> 0.0666 | C22: ='G7 Input'!R20 -> -0.0068 | D22: ='G7 Input'!S20 -> -0.0133 | E22: ='G7 Input'!T20 -> 0.0006 | F22: ='G7 Input'!U20 -> 0.004 | H22: 2M | I22: ='G7 Input'!X20 -> 0.074 | J22: ='G7 Input'!Y20 -> -0.0048 | K22: ='G7 Input'!Z20 -> -0.0093 | L22: ='G7 Input'!AA20 -> 0.0026 | M22: ='G7 Input'!AB20 -> 0.008 | O22: ADHDV2M | P22: =_xll.PLContribFull(B22*100,"BID",O22,"Slot46","TICKER",3,,"Valid") -> 6.660 (12:14:42.775167) | Q22: =_xll.PLContribFull(I22*100,"ASK",O22,"Slot46","TICKER",3,,"Valid") -> 7.400 (12:14:42.764166) | R22: ADHDRR2M | S22: =_xll.PLContribFull(C22*100,"BID",R22,"Slot46","TICKER",3,,"Valid") -> -0.680 (12:14:42.775167) | T22: =_xll.PLContribFull(J22*100,"ASK",R22,"Slot46","TICKER",3,,"Valid") -> -0.480 (12:14:42.770167) | U22: ADHDRX2M | V22: =_xll.PLContribFull(D22*100,"BID",U22,"Slot46","TICKER",3,,"Valid") -> -1.330 (12:14:42.772166) | W22: =_xll.PLContribFull(K22*100,"ASK",U22,"Slot46","TICKER",3,,"Valid") -> -0.930 (12:14:42.748167) | X22: ADHDB2M | Y22: =_xll.PLContribFull(E22*100,"BID",X22,"Slot46","TICKER",3,,"Valid") -> 0.060 (12:14:42.767165) | Z22: =_xll.PLContribFull(L22*100,"ASK",X22,"Slot46","TICKER",3,,"Valid") -> 0.260 (12:14:42.742167) | AA22: ADHDBX2M | AB22: =_xll.PLContribFull(F22*100,"BID",AA22,"Slot46","TICKER",3,,"Valid") -> 0.400 (12:14:42.769168) | AC22: =_xll.PLContribFull(M22*100,"ASK",AA22,"Slot46","TICKER",3,,"Valid") -> 0.800 (12:14:42.750168)
A23: 3M | B23: ='G7 Input'!Q21 -> 0.06815 | C23: ='G7 Input'!R21 -> -0.0075 | D23: ='G7 Input'!S21 -> -0.0146 | E23: ='G7 Input'!T21 -> 0.0008 | F23: ='G7 Input'!U21 -> 0.0048 | H23: 3M | I23: ='G7 Input'!X21 -> 0.07565 | J23: ='G7 Input'!Y21 -> -0.0055 | K23: ='G7 Input'!Z21 -> -0.0106 | L23: ='G7 Input'!AA21 -> 0.0028 | M23: ='G7 Input'!AB21 -> 0.0088 | O23: ADHDV3M | P23: =_xll.PLContribFull(B23*100,"BID",O23,"Slot46","TICKER",3,,"Valid") -> 6.815 (12:14:42.778167) | Q23: =_xll.PLContribFull(I23*100,"ASK",O23,"Slot46","TICKER",3,,"Valid") -> 7.565 (12:14:42.762166) | R23: ADHDRR3M | S23: =_xll.PLContribFull(C23*100,"BID",R23,"Slot46","TICKER",3,,"Valid") -> -0.750 (12:14:42.752166) | T23: =_xll.PLContribFull(J23*100,"ASK",R23,"Slot46","TICKER",3,,"Valid") -> -0.550 (12:14:42.760167) | U23: ADHDRX3M | V23: =_xll.PLContribFull(D23*100,"BID",U23,"Slot46","TICKER",3,,"Valid") -> -1.460 (12:14:42.766166) | W23: =_xll.PLContribFull(K23*100,"ASK",U23,"Slot46","TICKER",3,,"Valid") -> -1.060 (12:14:42.771168) | X23: ADHDB3M | Y23: =_xll.PLContribFull(E23*100,"BID",X23,"Slot46","TICKER",3,,"Valid") -> 0.080 (12:14:42.763166) | Z23: =_xll.PLContribFull(L23*100,"ASK",X23,"Slot46","TICKER",3,,"Valid") -> 0.280 (12:14:42.744167) | AA23: ADHDBX3M | AB23: =_xll.PLContribFull(F23*100,"BID",AA23,"Slot46","TICKER",3,,"Valid") -> 0.480 (12:14:42.773167) | AC23: =_xll.PLContribFull(M23*100,"ASK",AA23,"Slot46","TICKER",3,,"Valid") -> 0.880 (12:14:42.743167)
A24: 6M | B24: ='G7 Input'!Q22 -> 0.0719 | C24: ='G7 Input'!R22 -> -0.0087 | D24: ='G7 Input'!S22 -> -0.0169 | E24: ='G7 Input'!T22 -> 0.0009 | F24: ='G7 Input'!U22 -> 0.0056 | H24: 6M | I24: ='G7 Input'!X22 -> 0.0789 | J24: ='G7 Input'!Y22 -> -0.0067 | K24: ='G7 Input'!Z22 -> -0.0129 | L24: ='G7 Input'!AA22 -> 0.0029 | M24: ='G7 Input'!AB22 -> 0.0096 | O24: ADHDV6M | P24: =_xll.PLContribFull(B24*100,"BID",O24,"Slot46","TICKER",3,,"Valid") -> 7.190 (12:14:42.779168) | Q24: =_xll.PLContribFull(I24*100,"ASK",O24,"Slot46","TICKER",3,,"Valid") -> 7.890 (12:14:42.759166) | R24: ADHDRR6M | S24: =_xll.PLContribFull(C24*100,"BID",R24,"Slot46","TICKER",3,,"Valid") -> -0.870 (12:14:42.752166) | T24: =_xll.PLContribFull(J24*100,"ASK",R24,"Slot46","TICKER",3,,"Valid") -> -0.670 (12:14:42.777166) | U24: ADHDRX6M | V24: =_xll.PLContribFull(D24*100,"BID",U24,"Slot46","TICKER",3,,"Valid") -> -1.690 (12:14:42.741170) | W24: =_xll.PLContribFull(K24*100,"ASK",U24,"Slot46","TICKER",3,,"Valid") -> -1.290 (12:14:42.763166) | X24: ADHDB6M | Y24: =_xll.PLContribFull(E24*100,"BID",X24,"Slot46","TICKER",3,,"Valid") -> 0.090 (12:14:42.770167) | Z24: =_xll.PLContribFull(L24*100,"ASK",X24,"Slot46","TICKER",3,,"Valid") -> 0.290 (12:14:42.759166) | AA24: ADHDBX6M | AB24: =_xll.PLContribFull(F24*100,"BID",AA24,"Slot46","TICKER",3,,"Valid") -> 0.560 (12:14:42.744167) | AC24: =_xll.PLContribFull(M24*100,"ASK",AA24,"Slot46","TICKER",3,,"Valid") -> 0.960 (12:14:42.770167)
A25: 9M | B25: ='G7 Input'!Q23 -> 0.0764 | C25: ='G7 Input'!R23 -> -0.0104 | D25: ='G7 Input'!S23 -> -0.02 | E25: ='G7 Input'!T23 -> 0.0013 | F25: ='G7 Input'!U23 -> 0.0074 | H25: 9M | I25: ='G7 Input'!X23 -> 0.0834 | J25: ='G7 Input'!Y23 -> -0.0084 | K25: ='G7 Input'!Z23 -> -0.016 | L25: ='G7 Input'!AA23 -> 0.0033 | M25: ='G7 Input'!AB23 -> 0.0114 | O25: ADHDV9M | P25: =_xll.PLContribFull(B25*100,"BID",O25,"Slot46","TICKER",3,,"Valid") -> 7.640 (12:14:42.765166) | Q25: =_xll.PLContribFull(I25*100,"ASK",O25,"Slot46","TICKER",3,,"Valid") -> 8.340 (12:14:42.770167) | R25: ADHDRR9M | S25: =_xll.PLContribFull(C25*100,"BID",R25,"Slot46","TICKER",3,,"Valid") -> -1.040 (12:14:42.776167) | T25: =_xll.PLContribFull(J25*100,"ASK",R25,"Slot46","TICKER",3,,"Valid") -> -0.840 (12:14:42.754169) | U25: ADHDRX9M | V25: =_xll.PLContribFull(D25*100,"BID",U25,"Slot46","TICKER",3,,"Valid") -> -2.000 (12:14:42.777166) | W25: =_xll.PLContribFull(K25*100,"ASK",U25,"Slot46","TICKER",3,,"Valid") -> -1.600 (12:14:42.746167) | X25: ADHDB9M | Y25: =_xll.PLContribFull(E25*100,"BID",X25,"Slot46","TICKER",3,,"Valid") -> 0.130 (12:14:42.767165) | Z25: =_xll.PLContribFull(L25*100,"ASK",X25,"Slot46","TICKER",3,,"Valid") -> 0.330 (12:14:42.777166) | AA25: ADHDBX9M | AB25: =_xll.PLContribFull(F25*100,"BID",AA25,"Slot46","TICKER",3,,"Valid") -> 0.740 (12:14:42.764166) | AC25: =_xll.PLContribFull(M25*100,"ASK",AA25,"Slot46","TICKER",3,,"Valid") -> 1.140 (12:14:42.754169)
A26: 1Y | B26: ='G7 Input'!Q24 -> 0.07885 | C26: ='G7 Input'!R24 -> -0.0112 | D26: ='G7 Input'!S24 -> -0.0216 | E26: ='G7 Input'!T24 -> 0.0015 | F26: ='G7 Input'!U24 -> 0.0083 | H26: 1Y | I26: ='G7 Input'!X24 -> 0.08615 | J26: ='G7 Input'!Y24 -> -0.0092 | K26: ='G7 Input'!Z24 -> -0.0176 | L26: ='G7 Input'!AA24 -> 0.0035 | M26: ='G7 Input'!AB24 -> 0.0123 | O26: ADHDV1Y | P26: =_xll.PLContribFull(B26*100,"BID",O26,"Slot46","TICKER",3,,"Valid") -> 7.885 (12:14:42.760167) | Q26: =_xll.PLContribFull(I26*100,"ASK",O26,"Slot46","TICKER",3,,"Valid") -> 8.615 (12:14:42.759166) | R26: ADHDRR1Y | S26: =_xll.PLContribFull(C26*100,"BID",R26,"Slot46","TICKER",3,,"Valid") -> -1.120 (12:14:42.751168) | T26: =_xll.PLContribFull(J26*100,"ASK",R26,"Slot46","TICKER",3,,"Valid") -> -0.920 (12:14:42.763166) | U26: ADHDRX1Y | V26: =_xll.PLContribFull(D26*100,"BID",U26,"Slot46","TICKER",3,,"Valid") -> -2.160 (12:14:42.776167) | W26: =_xll.PLContribFull(K26*100,"ASK",U26,"Slot46","TICKER",3,,"Valid") -> -1.760 (12:14:42.774166) | X26: ADHDB1Y | Y26: =_xll.PLContribFull(E26*100,"BID",X26,"Slot46","TICKER",3,,"Valid") -> 0.150 (12:14:42.773167) | Z26: =_xll.PLContribFull(L26*100,"ASK",X26,"Slot46","TICKER",3,,"Valid") -> 0.350 (12:14:42.759166) | AA26: ADHDBX1Y | AB26: =_xll.PLContribFull(F26*100,"BID",AA26,"Slot46","TICKER",3,,"Valid") -> 0.830 (12:14:42.772166) | AC26: =_xll.PLContribFull(M26*100,"ASK",AA26,"Slot46","TICKER",3,,"Valid") -> 1.230 (12:14:42.752166)
A27: 2Y | B27: ='G7 Input'!Q25 -> 0.08205 | C27: ='G7 Input'!R25 -> -0.0134 | D27: ='G7 Input'!S25 -> -0.0255 | E27: ='G7 Input'!T25 -> 0.0019 | F27: ='G7 Input'!U25 -> 0.0104 | H27: 2Y | I27: ='G7 Input'!X25 -> 0.09215 | J27: ='G7 Input'!Y25 -> -0.0114 | K27: ='G7 Input'!Z25 -> -0.0215 | L27: ='G7 Input'!AA25 -> 0.0039 | M27: ='G7 Input'!AB25 -> 0.0144 | O27: ADHDV2Y | P27: =_xll.PLContribFull(B27*100,"BID",O27,"Slot46","TICKER",3,,"Valid") -> 8.205 (12:14:42.771168) | Q27: =_xll.PLContribFull(I27*100,"ASK",O27,"Slot46","TICKER",3,,"Valid") -> 9.215 (12:14:42.759166) | R27: ADHDRR2Y | S27: =_xll.PLContribFull(C27*100,"BID",R27,"Slot46","TICKER",3,,"Valid") -> -1.340 (12:14:42.776167) | T27: =_xll.PLContribFull(J27*100,"ASK",R27,"Slot46","TICKER",3,,"Valid") -> -1.140 (12:14:42.751168) | U27: ADHDRX2Y | V27: =_xll.PLContribFull(D27*100,"BID",U27,"Slot46","TICKER",3,,"Valid") -> -2.550 (12:14:42.775167) | W27: =_xll.PLContribFull(K27*100,"ASK",U27,"Slot46","TICKER",3,,"Valid") -> -2.150 (12:14:42.774166) | X27: ADHDB2Y | Y27: =_xll.PLContribFull(E27*100,"BID",X27,"Slot46","TICKER",3,,"Valid") -> 0.190 (12:14:42.778167) | Z27: =_xll.PLContribFull(L27*100,"ASK",X27,"Slot46","TICKER",3,,"Valid") -> 0.390 (12:14:42.778167) | AA27: ADHDBX2Y | AB27: =_xll.PLContribFull(F27*100,"BID",AA27,"Slot46","TICKER",3,,"Valid") -> 1.040 (12:14:42.768166) | AC27: =_xll.PLContribFull(M27*100,"ASK",AA27,"Slot46","TICKER",3,,"Valid") -> 1.440 (12:14:42.767165)
A28: 3Y | B28: ='G7 Input'!Q26 -> 0.08315 | C28: ='G7 Input'!R26 -> -0.0141 | D28: ='G7 Input'!S26 -> -0.0265 | E28: ='G7 Input'!T26 -> 0.0017 | F28: ='G7 Input'!U26 -> 0.0103 | H28: 3Y | I28: ='G7 Input'!X26 -> 0.09605 | J28: ='G7 Input'!Y26 -> -0.0121 | K28: ='G7 Input'!Z26 -> -0.0225 | L28: ='G7 Input'!AA26 -> 0.0037 | M28: ='G7 Input'!AB26 -> 0.0143 | O28: ADHDV3Y | P28: =_xll.PLContribFull(B28*100,"BID",O28,"Slot46","TICKER",3,,"Valid") -> 8.315 (12:14:42.775167) | Q28: =_xll.PLContribFull(I28*100,"ASK",O28,"Slot46","TICKER",3,,"Valid") -> 9.605 (12:14:42.764166) | R28: ADHDRR3Y | S28: =_xll.PLContribFull(C28*100,"BID",R28,"Slot46","TICKER",3,,"Valid") -> -1.410 (12:14:42.765166) | T28: =_xll.PLContribFull(J28*100,"ASK",R28,"Slot46","TICKER",3,,"Valid") -> -1.210 (12:14:42.773167) | U28: ADHDRX3Y | V28: =_xll.PLContribFull(D28*100,"BID",U28,"Slot46","TICKER",3,,"Valid") -> -2.650 (12:14:42.771168) | W28: =_xll.PLContribFull(K28*100,"ASK",U28,"Slot46","TICKER",3,,"Valid") -> -2.250 (12:14:42.766166) | X28: ADHDB3Y | Y28: =_xll.PLContribFull(E28*100,"BID",X28,"Slot46","TICKER",3,,"Valid") -> 0.170 (12:14:42.775167) | Z28: =_xll.PLContribFull(L28*100,"ASK",X28,"Slot46","TICKER",3,,"Valid") -> 0.370 (12:14:42.768166) | AA28: ADHDBX3Y | AB28: =_xll.PLContribFull(F28*100,"BID",AA28,"Slot46","TICKER",3,,"Valid") -> 1.030 (12:14:42.765166) | AC28: =_xll.PLContribFull(M28*100,"ASK",AA28,"Slot46","TICKER",3,,"Valid") -> 1.430 (12:14:42.744167)
A31: USDCAD | O31: Bloomberg | P31: DCAP Formula | R31: Bloomberg | S31: DCAP Formula | U31: Bloomberg | V31: DCAP Formula | X31: Bloomberg | Y31: DCAP Formula | AA31: Bloomberg | AB31: DCAP Formula
A32: Bid | B32: ATM Vol | C32: RR25 | D32: RR10 | E32: Fly25 | F32: Fly10 | H32: Ask | I32: ATM Vol | J32: RR25 | K32: RR10 | L32: Fly25 | M32: Fly10 | O32: ATM | P32: Bid | Q32: Ask | R32: RR25 | S32: Bid | T32: Ask | U32: RR10 | V32: Bid | W32: Ask | X32: Fly25 | Y32: Bid | Z32: Ask | AA32: Fly10 | AB32: Bid | AC32: Ask
A33: ON | B33: ='G7 Input'!Q30 -> 0.0384 | C33: ='G7 Input'!R30 -> -0.0042 | D33: ='G7 Input'!S30 -> -0.0084 | E33: ='G7 Input'!T30 -> -0.0056 | F33: ='G7 Input'!U30 -> -0.0099 | H33: ON | I33: ='G7 Input'!X30 -> 0.0648 | J33: ='G7 Input'!Y30 -> 0.0048 | K33: ='G7 Input'!Z30 -> 0.0096 | L33: ='G7 Input'!AA30 -> 0.0074 | M33: ='G7 Input'!AB30 -> 0.0161 | O33: USCDV1D | P33: =_xll.PLContribFull(B33*100,"BID",O33,"Slot46","TICKER",3,,"Valid") -> 3.840 (12:14:42.776167) | Q33: =_xll.PLContribFull(I33*100,"ASK",O33,"Slot46","TICKER",3,,"Valid") -> 6.480 (12:14:42.763166) | R33: USCDRR1D | S33: =_xll.PLContribFull(C33*100,"BID",R33,"Slot46","TICKER",3,,"Valid") -> -0.420 (12:14:42.778167) | T33: =_xll.PLContribFull(J33*100,"ASK",R33,"Slot46","TICKER",3,,"Valid") -> 0.480 (12:14:42.776167) | U33: USCDRX1D | V33: =_xll.PLContribFull(D33*100,"BID",U33,"Slot46","TICKER",3,,"Valid") -> -0.840 (12:14:42.745167) | W33: =_xll.PLContribFull(K33*100,"ASK",U33,"Slot46","TICKER",3,,"Valid") -> 0.960 (12:14:42.763166) | X33: USCDB1D | Y33: =_xll.PLContribFull(E33*100,"BID",X33,"Slot46","TICKER",3,,"Valid") -> -0.560 (12:14:42.749167) | Z33: =_xll.PLContribFull(L33*100,"ASK",X33,"Slot46","TICKER",3,,"Valid") -> 0.740 (12:14:42.771168) | AA33: USCDBX1D | AB33: =_xll.PLContribFull(F33*100,"BID",AA33,"Slot46","TICKER",3,,"Valid") -> -0.990 (12:14:42.775167) | AC33: =_xll.PLContribFull(M33*100,"ASK",AA33,"Slot46","TICKER",3,,"Valid") -> 1.610 (12:14:42.747168)
A34: 1W | B34: ='G7 Input'!Q31 -> 0.04105 | C34: ='G7 Input'!R31 -> -0.0017 | D34: ='G7 Input'!S31 -> -0.0034 | E34: ='G7 Input'!T31 -> -0.0008 | F34: ='G7 Input'!U31 -> -0.0004 | H34: 1W | I34: ='G7 Input'!X31 -> 0.05335 | J34: ='G7 Input'!Y31 -> 0.0023 | K34: ='G7 Input'!Z31 -> 0.0046 | L34: ='G7 Input'!AA31 -> 0.0032 | M34: ='G7 Input'!AB31 -> 0.0076 | O34: USCDV1W | P34: =_xll.PLContribFull(B34*100,"BID",O34,"Slot46","TICKER",3,,"Valid") -> 4.105 (12:14:42.759166) | Q34: =_xll.PLContribFull(I34*100,"ASK",O34,"Slot46","TICKER",3,,"Valid") -> 5.335 (12:14:42.771168) | R34: USCDRR1W | S34: =_xll.PLContribFull(C34*100,"BID",R34,"Slot46","TICKER",3,,"Valid") -> -0.170 (12:14:42.747168) | T34: =_xll.PLContribFull(J34*100,"ASK",R34,"Slot46","TICKER",3,,"Valid") -> 0.230 (12:14:42.769168) | U34: USCDRX1W | V34: =_xll.PLContribFull(D34*100,"BID",U34,"Slot46","TICKER",3,,"Valid") -> -0.340 (12:14:42.768166) | W34: =_xll.PLContribFull(K34*100,"ASK",U34,"Slot46","TICKER",3,,"Valid") -> 0.460 (12:14:42.774166) | X34: USCDB1W | Y34: =_xll.PLContribFull(E34*100,"BID",X34,"Slot46","TICKER",3,,"Valid") -> -0.080 (12:14:42.749167) | Z34: =_xll.PLContribFull(L34*100,"ASK",X34,"Slot46","TICKER",3,,"Valid") -> 0.320 (12:14:42.759166) | AA34: USCDBX1W | AB34: =_xll.PLContribFull(F34*100,"BID",AA34,"Slot46","TICKER",3,,"Valid") -> -0.040 (12:14:42.739168) | AC34: =_xll.PLContribFull(M34*100,"ASK",AA34,"Slot46","TICKER",3,,"Valid") -> 0.760 (12:14:42.768166)
A35: 2W | B35: ='G7 Input'!Q32 -> 0.04285 | C35: ='G7 Input'!R32 -> -0.0007 | D35: ='G7 Input'!S32 -> -0.0013 | E35: ='G7 Input'!T32 -> 0.0004 | F35: ='G7 Input'!U32 -> 0.0023 | H35: 2W | I35: ='G7 Input'!X32 -> 0.05015 | J35: ='G7 Input'!Y32 -> 0.0013 | K35: ='G7 Input'!Z32 -> 0.0027 | L35: ='G7 Input'!AA32 -> 0.0024 | M35: ='G7 Input'!AB32 -> 0.0063 | O35: USCDV2W | P35: =_xll.PLContribFull(B35*100,"BID",O35,"Slot46","TICKER",3,,"Valid") -> 4.285 (12:14:42.777166) | Q35: =_xll.PLContribFull(I35*100,"ASK",O35,"Slot46","TICKER",3,,"Valid") -> 5.015 (12:14:42.778167) | R35: USCDRR2W | S35: =_xll.PLContribFull(C35*100,"BID",R35,"Slot46","TICKER",3,,"Valid") -> -0.070 (12:14:42.743167) | T35: =_xll.PLContribFull(J35*100,"ASK",R35,"Slot46","TICKER",3,,"Valid") -> 0.130 (12:14:42.766166) | U35: USCDRX2W | V35: =_xll.PLContribFull(D35*100,"BID",U35,"Slot46","TICKER",3,,"Valid") -> -0.130 (12:14:42.774166) | W35: =_xll.PLContribFull(K35*100,"ASK",U35,"Slot46","TICKER",3,,"Valid") -> 0.270 (12:14:42.764166) | X35: USCDB2W | Y35: =_xll.PLContribFull(E35*100,"BID",X35,"Slot46","TICKER",3,,"Valid") -> 0.040 (12:14:42.777166) | Z35: =_xll.PLContribFull(L35*100,"ASK",X35,"Slot46","TICKER",3,,"Valid") -> 0.240 (12:14:42.772166) | AA35: USCDBX2W | AB35: =_xll.PLContribFull(F35*100,"BID",AA35,"Slot46","TICKER",3,,"Valid") -> 0.230 (12:14:42.777166) | AC35: =_xll.PLContribFull(M35*100,"ASK",AA35,"Slot46","TICKER",3,,"Valid") -> 0.630 (12:14:42.741170)
A36: 1M | B36: ='G7 Input'!Q33 -> 0.0422 | C36: ='G7 Input'!R33 -> -0.0013 | D36: ='G7 Input'!S33 -> -0.0024 | E36: ='G7 Input'!T33 -> 0.0002 | F36: ='G7 Input'!U33 -> 0.002 | H36: 1M | I36: ='G7 Input'!X33 -> 0.0466 | J36: ='G7 Input'!Y33 -> 0.0007 | K36: ='G7 Input'!Z33 -> 0.0016 | L36: ='G7 Input'!AA33 -> 0.0022 | M36: ='G7 Input'!AB33 -> 0.006 | O36: USCDV1M | P36: =_xll.PLContribFull(B36*100,"BID",O36,"Slot46","TICKER",3,,"Valid") -> 4.220 (12:14:42.766166) | Q36: =_xll.PLContribFull(I36*100,"ASK",O36,"Slot46","TICKER",3,,"Valid") -> 4.660 (12:14:42.767165) | R36: USCDVRR | S36: =_xll.PLContribFull(C36*100,"BID",R36,"Slot46","TICKER",3,,"Valid") -> -0.130 (12:14:42.762166) | T36: =_xll.PLContribFull(J36*100,"ASK",R36,"Slot46","TICKER",3,,"Valid") -> 0.070 (12:14:42.751168) | U36: USCDRX1M | V36: =_xll.PLContribFull(D36*100,"BID",U36,"Slot46","TICKER",3,,"Valid") -> -0.240 (12:14:42.771168) | W36: =_xll.PLContribFull(K36*100,"ASK",U36,"Slot46","TICKER",3,,"Valid") -> 0.160 (12:14:42.775167) | X36: USCDB1M | Y36: =_xll.PLContribFull(E36*100,"BID",X36,"Slot46","TICKER",3,,"Valid") -> 0.020 (12:14:42.746167) | Z36: =_xll.PLContribFull(L36*100,"ASK",X36,"Slot46","TICKER",3,,"Valid") -> 0.220 (12:14:42.765166) | AA36: USCDBX1M | AB36: =_xll.PLContribFull(F36*100,"BID",AA36,"Slot46","TICKER",3,,"Valid") -> 0.200 (12:14:42.746167) | AC36: =_xll.PLContribFull(M36*100,"ASK",AA36,"Slot46","TICKER",3,,"Valid") -> 0.600 (12:14:42.758167)
A37: 2M | B37: ='G7 Input'!Q34 -> 0.04225 | C37: ='G7 Input'!R34 -> -0.0014 | D37: ='G7 Input'!S34 -> -0.0026 | E37: ='G7 Input'!T34 -> 0.0004 | F37: ='G7 Input'!U34 -> 0.0025 | H37: 2M | I37: ='G7 Input'!X34 -> 0.04635 | J37: ='G7 Input'!Y34 -> 0.0006 | K37: ='G7 Input'!Z34 -> 0.0014 | L37: ='G7 Input'!AA34 -> 0.0024 | M37: ='G7 Input'!AB34 -> 0.0065 | O37: USCDV2M | P37: =_xll.PLContribFull(B37*100,"BID",O37,"Slot46","TICKER",3,,"Valid") -> 4.225 (12:14:42.767165) | Q37: =_xll.PLContribFull(I37*100,"ASK",O37,"Slot46","TICKER",3,,"Valid") -> 4.635 (12:14:42.777166) | R37: USCDRR2M | S37: =_xll.PLContribFull(C37*100,"BID",R37,"Slot46","TICKER",3,,"Valid") -> -0.140 (12:14:42.770167) | T37: =_xll.PLContribFull(J37*100,"ASK",R37,"Slot46","TICKER",3,,"Valid") -> 0.060 (12:14:42.743167) | U37: USCDRX2M | V37: =_xll.PLContribFull(D37*100,"BID",U37,"Slot46","TICKER",3,,"Valid") -> -0.260 (12:14:42.766166) | W37: =_xll.PLContribFull(K37*100,"ASK",U37,"Slot46","TICKER",3,,"Valid") -> 0.140 (12:14:42.764166) | X37: USCDB2M | Y37: =_xll.PLContribFull(E37*100,"BID",X37,"Slot46","TICKER",3,,"Valid") -> 0.040 (12:14:42.761166) | Z37: =_xll.PLContribFull(L37*100,"ASK",X37,"Slot46","TICKER",3,,"Valid") -> 0.240 (12:14:42.750168) | AA37: USCDBX2M | AB37: =_xll.PLContribFull(F37*100,"BID",AA37,"Slot46","TICKER",3,,"Valid") -> 0.250 (12:14:42.766166) | AC37: =_xll.PLContribFull(M37*100,"ASK",AA37,"Slot46","TICKER",3,,"Valid") -> 0.650 (12:14:42.765166)
A38: 3M | B38: ='G7 Input'!Q35 -> 0.0425 | C38: ='G7 Input'!R35 -> -0.0014 | D38: ='G7 Input'!S35 -> -0.0027 | E38: ='G7 Input'!T35 -> 0.0005 | F38: ='G7 Input'!U35 -> 0.003 | H38: 3M | I38: ='G7 Input'!X35 -> 0.0465 | J38: ='G7 Input'!Y35 -> 0.0006 | K38: ='G7 Input'!Z35 -> 0.0013 | L38: ='G7 Input'!AA35 -> 0.0025 | M38: ='G7 Input'!AB35 -> 0.007 | O38: USCDV3M | P38: =_xll.PLContribFull(B38*100,"BID",O38,"Slot46","TICKER",3,,"Valid") -> 4.250 (12:14:42.773167) | Q38: =_xll.PLContribFull(I38*100,"ASK",O38,"Slot46","TICKER",3,,"Valid") -> 4.650 (12:14:42.759166) | R38: USCDRR3M | S38: =_xll.PLContribFull(C38*100,"BID",R38,"Slot46","TICKER",3,,"Valid") -> -0.140 (12:14:42.777166) | T38: =_xll.PLContribFull(J38*100,"ASK",R38,"Slot46","TICKER",3,,"Valid") -> 0.060 (12:14:42.766166) | U38: USCDRX3M | V38: =_xll.PLContribFull(D38*100,"BID",U38,"Slot46","TICKER",3,,"Valid") -> -0.270 (12:14:42.749167) | W38: =_xll.PLContribFull(K38*100,"ASK",U38,"Slot46","TICKER",3,,"Valid") -> 0.130 (12:14:42.761166) | X38: USCDB3M | Y38: =_xll.PLContribFull(E38*100,"BID",X38,"Slot46","TICKER",3,,"Valid") -> 0.050 (12:14:42.771168) | Z38: =_xll.PLContribFull(L38*100,"ASK",X38,"Slot46","TICKER",3,,"Valid") -> 0.250 (12:14:42.777166) | AA38: USCDBX3M | AB38: =_xll.PLContribFull(F38*100,"BID",AA38,"Slot46","TICKER",3,,"Valid") -> 0.300 (12:14:42.764166) | AC38: =_xll.PLContribFull(M38*100,"ASK",AA38,"Slot46","TICKER",3,,"Valid") -> 0.700 (12:14:42.742167)
A39: 6M | B39: ='G7 Input'!Q36 -> 0.0438 | C39: ='G7 Input'!R36 -> -0.0008 | D39: ='G7 Input'!S36 -> -0.0015 | E39: ='G7 Input'!T36 -> 0.0008 | F39: ='G7 Input'!U36 -> 0.004 | H39: 6M | I39: ='G7 Input'!X36 -> 0.0474 | J39: ='G7 Input'!Y36 -> 0.0012 | K39: ='G7 Input'!Z36 -> 0.0025 | L39: ='G7 Input'!AA36 -> 0.0028 | M39: ='G7 Input'!AB36 -> 0.008 | O39: USCDV6M | P39: =_xll.PLContribFull(B39*100,"BID",O39,"Slot46","TICKER",3,,"Valid") -> 4.380 (12:14:42.761166) | Q39: =_xll.PLContribFull(I39*100,"ASK",O39,"Slot46","TICKER",3,,"Valid") -> 4.740 (12:14:42.760167) | R39: USCDRR6M | S39: =_xll.PLContribFull(C39*100,"BID",R39,"Slot46","TICKER",3,,"Valid") -> -0.080 (12:14:42.756167) | T39: =_xll.PLContribFull(J39*100,"ASK",R39,"Slot46","TICKER",3,,"Valid") -> 0.120 (12:14:42.762166) | U39: USCDRX6M | V39: =_xll.PLContribFull(D39*100,"BID",U39,"Slot46","TICKER",3,,"Valid") -> -0.150 (12:14:42.750168) | W39: =_xll.PLContribFull(K39*100,"ASK",U39,"Slot46","TICKER",3,,"Valid") -> 0.250 (12:14:42.764166) | X39: USCDB6M | Y39: =_xll.PLContribFull(E39*100,"BID",X39,"Slot46","TICKER",3,,"Valid") -> 0.080 (12:14:42.766166) | Z39: =_xll.PLContribFull(L39*100,"ASK",X39,"Slot46","TICKER",3,,"Valid") -> 0.280 (12:14:42.745167) | AA39: USCDBX6M | AB39: =_xll.PLContribFull(F39*100,"BID",AA39,"Slot46","TICKER",3,,"Valid") -> 0.400 (12:14:42.749167) | AC39: =_xll.PLContribFull(M39*100,"ASK",AA39,"Slot46","TICKER",3,,"Valid") -> 0.800 (12:14:42.769168)
A40: 9M | B40: ='G7 Input'!Q37 -> 0.0458 | C40: ='G7 Input'!R37 -> -0.0008 | D40: ='G7 Input'!S37 -> -0.0014 | E40: ='G7 Input'!T37 -> 0.001 | F40: ='G7 Input'!U37 -> 0.0049 | H40: 9M | I40: ='G7 Input'!X37 -> 0.0494 | J40: ='G7 Input'!Y37 -> 0.0012 | K40: ='G7 Input'!Z37 -> 0.0026 | L40: ='G7 Input'!AA37 -> 0.003 | M40: ='G7 Input'!AB37 -> 0.0089 | O40: USCDV9M | P40: =_xll.PLContribFull(B40*100,"BID",O40,"Slot46","TICKER",3,,"Valid") -> 4.580 (12:14:42.761166) | Q40: =_xll.PLContribFull(I40*100,"ASK",O40,"Slot46","TICKER",3,,"Valid") -> 4.940 (12:14:42.771168) | R40: USCDRR9M | S40: =_xll.PLContribFull(C40*100,"BID",R40,"Slot46","TICKER",3,,"Valid") -> -0.080 (12:14:42.766166) | T40: =_xll.PLContribFull(J40*100,"ASK",R40,"Slot46","TICKER",3,,"Valid") -> 0.120 (12:14:42.761166) | U40: USCDRX9M | V40: =_xll.PLContribFull(D40*100,"BID",U40,"Slot46","TICKER",3,,"Valid") -> -0.140 (12:14:42.746167) | W40: =_xll.PLContribFull(K40*100,"ASK",U40,"Slot46","TICKER",3,,"Valid") -> 0.260 (12:14:42.769168) | X40: USCDB9M | Y40: =_xll.PLContribFull(E40*100,"BID",X40,"Slot46","TICKER",3,,"Valid") -> 0.100 (12:14:42.762166) | Z40: =_xll.PLContribFull(L40*100,"ASK",X40,"Slot46","TICKER",3,,"Valid") -> 0.300 (12:14:42.763166) | AA40: USCDBX9M | AB40: =_xll.PLContribFull(F40*100,"BID",AA40,"Slot46","TICKER",3,,"Valid") -> 0.490 (12:14:42.777166) | AC40: =_xll.PLContribFull(M40*100,"ASK",AA40,"Slot46","TICKER",3,,"Valid") -> 0.890 (12:14:42.776167)
A41: 1Y | B41: ='G7 Input'!Q38 -> 0.04795 | C41: ='G7 Input'!R38 -> -0.0008 | D41: ='G7 Input'!S38 -> -0.0012 | E41: ='G7 Input'!T38 -> 0.0012 | F41: ='G7 Input'!U38 -> 0.0058 | H41: 1Y | I41: ='G7 Input'!X38 -> 0.05145 | J41: ='G7 Input'!Y38 -> 0.0012 | K41: ='G7 Input'!Z38 -> 0.0028 | L41: ='G7 Input'!AA38 -> 0.0032 | M41: ='G7 Input'!AB38 -> 0.0098 | O41: USCDV1Y | P41: =_xll.PLContribFull(B41*100,"BID",O41,"Slot46","TICKER",3,,"Valid") -> 4.795 (12:14:42.767165) | Q41: =_xll.PLContribFull(I41*100,"ASK",O41,"Slot46","TICKER",3,,"Valid") -> 5.145 (12:14:42.773167) | R41: USCDRR1Y | S41: =_xll.PLContribFull(C41*100,"BID",R41,"Slot46","TICKER",3,,"Valid") -> -0.080 (12:14:42.778167) | T41: =_xll.PLContribFull(J41*100,"ASK",R41,"Slot46","TICKER",3,,"Valid") -> 0.120 (12:14:42.778167) | U41: USCDRX1Y | V41: =_xll.PLContribFull(D41*100,"BID",U41,"Slot46","TICKER",3,,"Valid") -> -0.120 (12:14:42.777166) | W41: =_xll.PLContribFull(K41*100,"ASK",U41,"Slot46","TICKER",3,,"Valid") -> 0.280 (12:14:42.768166) | X41: USCDB1Y | Y41: =_xll.PLContribFull(E41*100,"BID",X41,"Slot46","TICKER",3,,"Valid") -> 0.120 (12:14:42.766166) | Z41: =_xll.PLContribFull(L41*100,"ASK",X41,"Slot46","TICKER",3,,"Valid") -> 0.320 (12:14:42.763166) | AA41: USCDBX1Y | AB41: =_xll.PLContribFull(F41*100,"BID",AA41,"Slot46","TICKER",3,,"Valid") -> 0.580 (12:14:42.760167) | AC41: =_xll.PLContribFull(M41*100,"ASK",AA41,"Slot46","TICKER",3,,"Valid") -> 0.980 (12:14:42.766166)
A42: 2Y | B42: ='G7 Input'!Q39 -> 0.0501 | C42: ='G7 Input'!R39 -> -0.0007 | D42: ='G7 Input'!S39 -> -0.0009 | E42: ='G7 Input'!T39 -> 0.0015 | F42: ='G7 Input'!U39 -> 0.0073 | H42: 2Y | I42: ='G7 Input'!X39 -> 0.0539 | J42: ='G7 Input'!Y39 -> 0.0013 | K42: ='G7 Input'!Z39 -> 0.0031 | L42: ='G7 Input'!AA39 -> 0.0035 | M42: ='G7 Input'!AB39 -> 0.0113 | O42: USCDV2Y | P42: =_xll.PLContribFull(B42*100,"BID",O42,"Slot46","TICKER",3,,"Valid") -> 5.010 (12:14:42.778167) | Q42: =_xll.PLContribFull(I42*100,"ASK",O42,"Slot46","TICKER",3,,"Valid") -> 5.390 (12:14:42.771168) | R42: USCDRR2Y | S42: =_xll.PLContribFull(C42*100,"BID",R42,"Slot46","TICKER",3,,"Valid") -> -0.070 (12:14:42.778167) | T42: =_xll.PLContribFull(J42*100,"ASK",R42,"Slot46","TICKER",3,,"Valid") -> 0.130 (12:14:42.778167) | U42: USCDRX2Y | V42: =_xll.PLContribFull(D42*100,"BID",U42,"Slot46","TICKER",3,,"Valid") -> -0.090 (12:14:42.769168) | W42: =_xll.PLContribFull(K42*100,"ASK",U42,"Slot46","TICKER",3,,"Valid") -> 0.310 (12:14:42.764166) | X42: USCDB2Y | Y42: =_xll.PLContribFull(E42*100,"BID",X42,"Slot46","TICKER",3,,"Valid") -> 0.150 (12:14:42.746167) | Z42: =_xll.PLContribFull(L42*100,"ASK",X42,"Slot46","TICKER",3,,"Valid") -> 0.350 (12:14:42.770167) | AA42: USCDBX2Y | AB42: =_xll.PLContribFull(F42*100,"BID",AA42,"Slot46","TICKER",3,,"Valid") -> 0.730 (12:14:42.749167) | AC42: =_xll.PLContribFull(M42*100,"ASK",AA42,"Slot46","TICKER",3,,"Valid") -> 1.130 (12:14:42.764166)
A43: 3Y | B43: ='G7 Input'!Q40 -> 0.05245 | C43: ='G7 Input'!R40 -> 0 | D43: ='G7 Input'!S40 -> 0.0005 | E43: ='G7 Input'!T40 -> 0.0015 | F43: ='G7 Input'!U40 -> 0.0074 | H43: 3Y | I43: ='G7 Input'!X40 -> 0.05615 | J43: ='G7 Input'!Y40 -> 0.002 | K43: ='G7 Input'!Z40 -> 0.0045 | L43: ='G7 Input'!AA40 -> 0.0035 | M43: ='G7 Input'!AB40 -> 0.0114 | O43: USCDV3Y | P43: =_xll.PLContribFull(B43*100,"BID",O43,"Slot46","TICKER",3,,"Valid") -> 5.245 (12:14:42.762166) | Q43: =_xll.PLContribFull(I43*100,"ASK",O43,"Slot46","TICKER",3,,"Valid") -> 5.615 (12:14:42.776167) | R43: USCDRR3Y | S43: =_xll.PLContribFull(C43*100,"BID",R43,"Slot46","TICKER",3,,"Valid") -> 0.000 (12:14:42.767165) | T43: =_xll.PLContribFull(J43*100,"ASK",R43,"Slot46","TICKER",3,,"Valid") -> 0.200 (12:14:42.778167) | U43: USCDRX3Y | V43: =_xll.PLContribFull(D43*100,"BID",U43,"Slot46","TICKER",3,,"Valid") -> 0.050 (12:14:42.764166) | W43: =_xll.PLContribFull(K43*100,"ASK",U43,"Slot46","TICKER",3,,"Valid") -> 0.450 (12:14:42.766166) | X43: USCDB3Y | Y43: =_xll.PLContribFull(E43*100,"BID",X43,"Slot46","TICKER",3,,"Valid") -> 0.150 (12:14:42.761166) | Z43: =_xll.PLContribFull(L43*100,"ASK",X43,"Slot46","TICKER",3,,"Valid") -> 0.350 (12:14:42.762166) | AA43: USCDBX3Y | AB43: =_xll.PLContribFull(F43*100,"BID",AA43,"Slot46","TICKER",3,,"Valid") -> 0.740 (12:14:42.760167) | AC43: =_xll.PLContribFull(M43*100,"ASK",AA43,"Slot46","TICKER",3,,"Valid") -> 1.140 (12:14:42.761166)
A46: CADHKD | O46: Bloomberg | P46: DCAP Formula | R46: Bloomberg | S46: DCAP Formula | U46: Bloomberg | V46: DCAP Formula | X46: Bloomberg | Y46: DCAP Formula | AA46: Bloomberg | AB46: DCAP Formula
A47: Bid | B47: ATM Vol | C47: RR25 | D47: RR10 | E47: Fly25 | F47: Fly10 | H47: Ask | I47: ATM Vol | J47: RR25 | K47: RR10 | L47: Fly25 | M47: Fly10 | O47: ATM | P47: Bid | Q47: Ask | R47: RR25 | S47: Bid | T47: Ask | U47: RR10 | V47: Bid | W47: Ask | X47: Fly25 | Y47: Bid | Z47: Ask | AA47: Fly10 | AB47: Bid | AC47: Ask
A48: ON | B48: ='G7 Input'!Q44 -> 0.00595 | C48: ='G7 Input'!R44 -> -0.0049 | D48: ='G7 Input'!S44 -> -0.0097 | E48: ='G7 Input'!T44 -> -0.0054 | F48: ='G7 Input'!U44 -> -0.0089 | H48: ON | I48: ='G7 Input'!X44 -> 0.10025 | J48: ='G7 Input'!Y44 -> 0.0041 | K48: ='G7 Input'!Z44 -> 0.0083 | L48: ='G7 Input'!AA44 -> 0.0076 | M48: ='G7 Input'!AB44 -> 0.0171 | O48: CDHDV1D | P48: =_xll.PLContribFull(B48*100,"BID",O48,"Slot46","TICKER",3,,"Valid") -> 0.595 (12:14:42.774166) | Q48: =_xll.PLContribFull(I48*100,"ASK",O48,"Slot46","TICKER",3,,"Valid") -> 10.025 (12:14:42.775167) | R48: CDHDRR1D | S48: =_xll.PLContribFull(C48*100,"BID",R48,"Slot46","TICKER",3,,"Valid") -> -0.490 (12:14:42.761166) | T48: =_xll.PLContribFull(J48*100,"ASK",R48,"Slot46","TICKER",3,,"Valid") -> 0.410 (12:14:42.769168) | U48: CDHDRX1D | V48: =_xll.PLContribFull(D48*100,"BID",U48,"Slot46","TICKER",3,,"Valid") -> -0.970 (12:14:42.755167) | W48: =_xll.PLContribFull(K48*100,"ASK",U48,"Slot46","TICKER",3,,"Valid") -> 0.830 (12:14:42.758167) | X48: CDHDB1D | Y48: =_xll.PLContribFull(E48*100,"BID",X48,"Slot46","TICKER",3,,"Valid") -> -0.540 (12:14:42.762166) | Z48: =_xll.PLContribFull(L48*100,"ASK",X48,"Slot46","TICKER",3,,"Valid") -> 0.760 (12:14:42.753167) | AA48: CDHDBX1D | AB48: =_xll.PLContribFull(F48*100,"BID",AA48,"Slot46","TICKER",3,,"Valid") -> -0.890 (12:14:42.768166) | AC48: =_xll.PLContribFull(M48*100,"ASK",AA48,"Slot46","TICKER",3,,"Valid") -> 1.710 (12:14:42.769168)
A49: 1W | B49: ='G7 Input'!Q45 -> 0.0262 | C49: ='G7 Input'!R45 -> -0.0022 | D49: ='G7 Input'!S45 -> -0.0044 | E49: ='G7 Input'!T45 -> -0.001 | F49: ='G7 Input'!U45 -> -0.0002 | H49: 1W | I49: ='G7 Input'!X45 -> 0.0666 | J49: ='G7 Input'!Y45 -> 0.0018 | K49: ='G7 Input'!Z45 -> 0.0036 | L49: ='G7 Input'!AA45 -> 0.003 | M49: ='G7 Input'!AB45 -> 0.0078 | O49: CDHDV1W | P49: =_xll.PLContribFull(B49*100,"BID",O49,"Slot46","TICKER",3,,"Valid") -> 2.620 (12:14:42.775167) | Q49: =_xll.PLContribFull(I49*100,"ASK",O49,"Slot46","TICKER",3,,"Valid") -> 6.660 (12:14:42.763166) | R49: CDHDRR1W | S49: =_xll.PLContribFull(C49*100,"BID",R49,"Slot46","TICKER",3,,"Valid") -> -0.220 (12:14:42.776167) | T49: =_xll.PLContribFull(J49*100,"ASK",R49,"Slot46","TICKER",3,,"Valid") -> 0.180 (12:14:42.749167) | U49: CDHDRX1W | V49: =_xll.PLContribFull(D49*100,"BID",U49,"Slot46","TICKER",3,,"Valid") -> -0.440 (12:14:42.747168) | W49: =_xll.PLContribFull(K49*100,"ASK",U49,"Slot46","TICKER",3,,"Valid") -> 0.360 (12:14:42.769168) | X49: CDHDB1W | Y49: =_xll.PLContribFull(E49*100,"BID",X49,"Slot46","TICKER",3,,"Valid") -> -0.100 (12:14:42.774166) | Z49: =_xll.PLContribFull(L49*100,"ASK",X49,"Slot46","TICKER",3,,"Valid") -> 0.300 (12:14:42.744167) | AA49: CDHDBX1W | AB49: =_xll.PLContribFull(F49*100,"BID",AA49,"Slot46","TICKER",3,,"Valid") -> -0.020 (12:14:42.763166) | AC49: =_xll.PLContribFull(M49*100,"ASK",AA49,"Slot46","TICKER",3,,"Valid") -> 0.780 (12:14:42.762166)
A50: 2W | B50: ='G7 Input'!Q46 -> 0.03135 | C50: ='G7 Input'!R46 -> -0.0009 | D50: ='G7 Input'!S46 -> -0.0018 | E50: ='G7 Input'!T46 -> 0.0001 | F50: ='G7 Input'!U46 -> 0.002 | H50: 2W | I50: ='G7 Input'!X46 -> 0.05525 | J50: ='G7 Input'!Y46 -> 0.0011 | K50: ='G7 Input'!Z46 -> 0.0022 | L50: ='G7 Input'!AA46 -> 0.0021 | M50: ='G7 Input'!AB46 -> 0.006 | O50: CDHDV2W | P50: =_xll.PLContribFull(B50*100,"BID",O50,"Slot46","TICKER",3,,"Valid") -> 3.135 (12:14:42.764166) | Q50: =_xll.PLContribFull(I50*100,"ASK",O50,"Slot46","TICKER",3,,"Valid") -> 5.525 (12:14:42.771168) | R50: CDHDRR2W | S50: =_xll.PLContribFull(C50*100,"BID",R50,"Slot46","TICKER",3,,"Valid") -> -0.090 (12:14:42.771168) | T50: =_xll.PLContribFull(J50*100,"ASK",R50,"Slot46","TICKER",3,,"Valid") -> 0.110 (12:14:42.760167) | U50: CDHDRX2W | V50: =_xll.PLContribFull(D50*100,"BID",U50,"Slot46","TICKER",3,,"Valid") -> -0.180 (12:14:42.775167) | W50: =_xll.PLContribFull(K50*100,"ASK",U50,"Slot46","TICKER",3,,"Valid") -> 0.220 (12:14:42.767165) | X50: CDHDB2W | Y50: =_xll.PLContribFull(E50*100,"BID",X50,"Slot46","TICKER",3,,"Valid") -> 0.010 (12:14:42.751168) | Z50: =_xll.PLContribFull(L50*100,"ASK",X50,"Slot46","TICKER",3,,"Valid") -> 0.210 (12:14:42.766166) | AA50: CDHDBX2W | AB50: =_xll.PLContribFull(F50*100,"BID",AA50,"Slot46","TICKER",3,,"Valid") -> 0.200 (12:14:42.753167) | AC50: =_xll.PLContribFull(M50*100,"ASK",AA50,"Slot46","TICKER",3,,"Valid") -> 0.600 (12:14:42.777166)
A51: 1M | B51: ='G7 Input'!Q47 -> 0.03665 | C51: ='G7 Input'!R47 -> -0.0007 | D51: ='G7 Input'!S47 -> -0.0014 | E51: ='G7 Input'!T47 -> 0.0002 | F51: ='G7 Input'!U47 -> 0.0022 | H51: 1M | I51: ='G7 Input'!X47 -> 0.04995 | J51: ='G7 Input'!Y47 -> 0.0013 | K51: ='G7 Input'!Z47 -> 0.0026 | L51: ='G7 Input'!AA47 -> 0.0022 | M51: ='G7 Input'!AB47 -> 0.0062 | O51: CDHDV1M | P51: =_xll.PLContribFull(B51*100,"BID",O51,"Slot46","TICKER",3,,"Valid") -> 3.665 (12:14:42.762166) | Q51: =_xll.PLContribFull(I51*100,"ASK",O51,"Slot46","TICKER",3,,"Valid") -> 4.995 (12:14:42.770167) | R51: CDHDVRR | S51: =_xll.PLContribFull(C51*100,"BID",R51,"Slot46","TICKER",3,,"Valid") -> -0.070 (12:14:42.767165) | T51: =_xll.PLContribFull(J51*100,"ASK",R51,"Slot46","TICKER",3,,"Valid") -> 0.130 (12:14:42.774166) | U51: CDHDRX1M | V51: =_xll.PLContribFull(D51*100,"BID",U51,"Slot46","TICKER",3,,"Valid") -> -0.140 (12:14:42.745167) | W51: =_xll.PLContribFull(K51*100,"ASK",U51,"Slot46","TICKER",3,,"Valid") -> 0.260 (12:14:42.776167) | X51: CDHDB1M | Y51: =_xll.PLContribFull(E51*100,"BID",X51,"Slot46","TICKER",3,,"Valid") -> 0.020 (12:14:42.773167) | Z51: =_xll.PLContribFull(L51*100,"ASK",X51,"Slot46","TICKER",3,,"Valid") -> 0.220 (12:14:42.768166) | AA51: CDHDBX1M | AB51: =_xll.PLContribFull(F51*100,"BID",AA51,"Slot46","TICKER",3,,"Valid") -> 0.220 (12:14:42.774166) | AC51: =_xll.PLContribFull(M51*100,"ASK",AA51,"Slot46","TICKER",3,,"Valid") -> 0.620 (12:14:42.776167)
A52: 2M | B52: ='G7 Input'!Q48 -> 0.03755 | C52: ='G7 Input'!R48 -> -0.0007 | D52: ='G7 Input'!S48 -> -0.0013 | E52: ='G7 Input'!T48 -> 0.0003 | F52: ='G7 Input'!U48 -> 0.0027 | H52: 2M | I52: ='G7 Input'!X48 -> 0.04985 | J52: ='G7 Input'!Y48 -> 0.0013 | K52: ='G7 Input'!Z48 -> 0.0027 | L52: ='G7 Input'!AA48 -> 0.0023 | M52: ='G7 Input'!AB48 -> 0.0067 | O52: CDHDV2M | P52: =_xll.PLContribFull(B52*100,"BID",O52,"Slot46","TICKER",3,,"Valid") -> 3.755 (12:14:42.766166) | Q52: =_xll.PLContribFull(I52*100,"ASK",O52,"Slot46","TICKER",3,,"Valid") -> 4.985 (12:14:42.767165) | R52: CDHDRR2M | S52: =_xll.PLContribFull(C52*100,"BID",R52,"Slot46","TICKER",3,,"Valid") -> -0.070 (12:14:42.764166) | T52: =_xll.PLContribFull(J52*100,"ASK",R52,"Slot46","TICKER",3,,"Valid") -> 0.130 (12:14:42.760167) | U52: CDHDRX2M | V52: =_xll.PLContribFull(D52*100,"BID",U52,"Slot46","TICKER",3,,"Valid") -> -0.130 (12:14:42.766166) | W52: =_xll.PLContribFull(K52*100,"ASK",U52,"Slot46","TICKER",3,,"Valid") -> 0.270 (12:14:42.756167) | X52: CDHDB2M | Y52: =_xll.PLContribFull(E52*100,"BID",X52,"Slot46","TICKER",3,,"Valid") -> 0.030 (12:14:42.768166) | Z52: =_xll.PLContribFull(L52*100,"ASK",X52,"Slot46","TICKER",3,,"Valid") -> 0.230 (12:14:42.761166) | AA52: CDHDBX2M | AB52: =_xll.PLContribFull(F52*100,"BID",AA52,"Slot46","TICKER",3,,"Valid") -> 0.270 (12:14:42.754169) | AC52: =_xll.PLContribFull(M52*100,"ASK",AA52,"Slot46","TICKER",3,,"Valid") -> 0.670 (12:14:42.770167)
A53: 3M | B53: ='G7 Input'!Q49 -> 0.03815 | C53: ='G7 Input'!R49 -> -0.0006 | D53: ='G7 Input'!S49 -> -0.0012 | E53: ='G7 Input'!T49 -> 0.0004 | F53: ='G7 Input'!U49 -> 0.0032 | H53: 3M | I53: ='G7 Input'!X49 -> 0.05045 | J53: ='G7 Input'!Y49 -> 0.0014 | K53: ='G7 Input'!Z49 -> 0.0028 | L53: ='G7 Input'!AA49 -> 0.0024 | M53: ='G7 Input'!AB49 -> 0.0072 | O53: CDHDV3M | P53: =_xll.PLContribFull(B53*100,"BID",O53,"Slot46","TICKER",3,,"Valid") -> 3.815 (12:14:42.770167) | Q53: =_xll.PLContribFull(I53*100,"ASK",O53,"Slot46","TICKER",3,,"Valid") -> 5.045 (12:14:42.777166) | R53: CDHDRR3M | S53: =_xll.PLContribFull(C53*100,"BID",R53,"Slot46","TICKER",3,,"Valid") -> -0.060 (12:14:42.774166) | T53: =_xll.PLContribFull(J53*100,"ASK",R53,"Slot46","TICKER",3,,"Valid") -> 0.140 (12:14:42.770167) | U53: CDHDRX3M | V53: =_xll.PLContribFull(D53*100,"BID",U53,"Slot46","TICKER",3,,"Valid") -> -0.120 (12:14:42.776167) | W53: =_xll.PLContribFull(K53*100,"ASK",U53,"Slot46","TICKER",3,,"Valid") -> 0.280 (12:14:42.769168) | X53: CDHDB3M | Y53: =_xll.PLContribFull(E53*100,"BID",X53,"Slot46","TICKER",3,,"Valid") -> 0.040 (12:14:42.754169) | Z53: =_xll.PLContribFull(L53*100,"ASK",X53,"Slot46","TICKER",3,,"Valid") -> 0.240 (12:14:42.760167) | AA53: CDHDBX3M | AB53: =_xll.PLContribFull(F53*100,"BID",AA53,"Slot46","TICKER",3,,"Valid") -> 0.320 (12:14:42.777166) | AC53: =_xll.PLContribFull(M53*100,"ASK",AA53,"Slot46","TICKER",3,,"Valid") -> 0.720 (12:14:42.778167)
A54: 6M | B54: ='G7 Input'!Q50 -> 0.0404 | C54: ='G7 Input'!R50 -> -0.0012 | D54: ='G7 Input'!S50 -> -0.0023 | E54: ='G7 Input'!T50 -> 0.0007 | F54: ='G7 Input'!U50 -> 0.0043 | H54: 6M | I54: ='G7 Input'!X50 -> 0.051 | J54: ='G7 Input'!Y50 -> 0.0008 | K54: ='G7 Input'!Z50 -> 0.0017 | L54: ='G7 Input'!AA50 -> 0.0027 | M54: ='G7 Input'!AB50 -> 0.0083 | O54: CDHDV6M | P54: =_xll.PLContribFull(B54*100,"BID",O54,"Slot46","TICKER",3,,"Valid") -> 4.040 (12:14:42.764166) | Q54: =_xll.PLContribFull(I54*100,"ASK",O54,"Slot46","TICKER",3,,"Valid") -> 5.100 (12:14:42.774166) | R54: CDHDRR6M | S54: =_xll.PLContribFull(C54*100,"BID",R54,"Slot46","TICKER",3,,"Valid") -> -0.120 (12:14:42.774166) | T54: =_xll.PLContribFull(J54*100,"ASK",R54,"Slot46","TICKER",3,,"Valid") -> 0.080 (12:14:42.775167) | U54: CDHDRX6M | V54: =_xll.PLContribFull(D54*100,"BID",U54,"Slot46","TICKER",3,,"Valid") -> -0.230 (12:14:42.763166) | W54: =_xll.PLContribFull(K54*100,"ASK",U54,"Slot46","TICKER",3,,"Valid") -> 0.170 (12:14:42.768166) | X54: CDHDB6M | Y54: =_xll.PLContribFull(E54*100,"BID",X54,"Slot46","TICKER",3,,"Valid") -> 0.070 (12:14:42.762166) | Z54: =_xll.PLContribFull(L54*100,"ASK",X54,"Slot46","TICKER",3,,"Valid") -> 0.270 (12:14:42.766166) | AA54: CDHDBX6M | AB54: =_xll.PLContribFull(F54*100,"BID",AA54,"Slot46","TICKER",3,,"Valid") -> 0.430 (12:14:42.752166) | AC54: =_xll.PLContribFull(M54*100,"ASK",AA54,"Slot46","TICKER",3,,"Valid") -> 0.830 (12:14:42.768166)
A55: 9M | B55: ='G7 Input'!Q51 -> 0.04315 | C55: ='G7 Input'!R51 -> -0.0012 | D55: ='G7 Input'!S51 -> -0.0022 | E55: ='G7 Input'!T51 -> 0.0011 | F55: ='G7 Input'!U51 -> 0.0056 | H55: 9M | I55: ='G7 Input'!X51 -> 0.05345 | J55: ='G7 Input'!Y51 -> 0.0008 | K55: ='G7 Input'!Z51 -> 0.0018 | L55: ='G7 Input'!AA51 -> 0.0031 | M55: ='G7 Input'!AB51 -> 0.0096 | O55: CDHDV9M | P55: =_xll.PLContribFull(B55*100,"BID",O55,"Slot46","TICKER",3,,"Valid") -> 4.315 (12:14:42.771168) | Q55: =_xll.PLContribFull(I55*100,"ASK",O55,"Slot46","TICKER",3,,"Valid") -> 5.345 (12:14:42.761166) | R55: CDHDRR9M | S55: =_xll.PLContribFull(C55*100,"BID",R55,"Slot46","TICKER",3,,"Valid") -> -0.120 (12:14:42.750168) | T55: =_xll.PLContribFull(J55*100,"ASK",R55,"Slot46","TICKER",3,,"Valid") -> 0.080 (12:14:42.776167) | U55: CDHDRX9M | V55: =_xll.PLContribFull(D55*100,"BID",U55,"Slot46","TICKER",3,,"Valid") -> -0.220 (12:14:42.767165) | W55: =_xll.PLContribFull(K55*100,"ASK",U55,"Slot46","TICKER",3,,"Valid") -> 0.180 (12:14:42.764166) | X55: CDHDB9M | Y55: =_xll.PLContribFull(E55*100,"BID",X55,"Slot46","TICKER",3,,"Valid") -> 0.110 (12:14:42.754169) | Z55: =_xll.PLContribFull(L55*100,"ASK",X55,"Slot46","TICKER",3,,"Valid") -> 0.310 (12:14:42.777166) | AA55: CDHDBX9M | AB55: =_xll.PLContribFull(F55*100,"BID",AA55,"Slot46","TICKER",3,,"Valid") -> 0.560 (12:14:42.774166) | AC55: =_xll.PLContribFull(M55*100,"ASK",AA55,"Slot46","TICKER",3,,"Valid") -> 0.960 (12:14:42.770167)
A56: 1Y | B56: ='G7 Input'!Q52 -> 0.04455 | C56: ='G7 Input'!R52 -> -0.0012 | D56: ='G7 Input'!S52 -> -0.0022 | E56: ='G7 Input'!T52 -> 0.0012 | F56: ='G7 Input'!U52 -> 0.0063 | H56: 1Y | I56: ='G7 Input'!X52 -> 0.05485 | J56: ='G7 Input'!Y52 -> 0.0008 | K56: ='G7 Input'!Z52 -> 0.0018 | L56: ='G7 Input'!AA52 -> 0.0032 | M56: ='G7 Input'!AB52 -> 0.0103 | O56: CDHDV1Y | P56: =_xll.PLContribFull(B56*100,"BID",O56,"Slot46","TICKER",3,,"Valid") -> 4.455 (12:14:42.762166) | Q56: =_xll.PLContribFull(I56*100,"ASK",O56,"Slot46","TICKER",3,,"Valid") -> 5.485 (12:14:42.760167) | R56: CDHDRR1Y | S56: =_xll.PLContribFull(C56*100,"BID",R56,"Slot46","TICKER",3,,"Valid") -> -0.120 (12:14:42.750168) | T56: =_xll.PLContribFull(J56*100,"ASK",R56,"Slot46","TICKER",3,,"Valid") -> 0.080 (12:14:42.767165) | U56: CDHDRX1Y | V56: =_xll.PLContribFull(D56*100,"BID",U56,"Slot46","TICKER",3,,"Valid") -> -0.220 (12:14:42.741170) | W56: =_xll.PLContribFull(K56*100,"ASK",U56,"Slot46","TICKER",3,,"Valid") -> 0.180 (12:14:42.762166) | X56: CDHDB1Y | Y56: =_xll.PLContribFull(E56*100,"BID",X56,"Slot46","TICKER",3,,"Valid") -> 0.120 (12:14:42.777166) | Z56: =_xll.PLContribFull(L56*100,"ASK",X56,"Slot46","TICKER",3,,"Valid") -> 0.320 (12:14:42.755167) | AA56: CDHDBX1Y | AB56: =_xll.PLContribFull(F56*100,"BID",AA56,"Slot46","TICKER",3,,"Valid") -> 0.630 (12:14:42.761166) | AC56: =_xll.PLContribFull(M56*100,"ASK",AA56,"Slot46","TICKER",3,,"Valid") -> 1.030 (12:14:42.743167)
A57: 2Y | B57: ='G7 Input'!Q53 -> 0.04595 | C57: ='G7 Input'!R53 -> -0.0013 | D57: ='G7 Input'!S53 -> -0.0019 | E57: ='G7 Input'!T53 -> 0.0015 | F57: ='G7 Input'!U53 -> 0.0074 | H57: 2Y | I57: ='G7 Input'!X53 -> 0.05785 | J57: ='G7 Input'!Y53 -> 0.0007 | K57: ='G7 Input'!Z53 -> 0.0021 | L57: ='G7 Input'!AA53 -> 0.0035 | M57: ='G7 Input'!AB53 -> 0.0114 | O57: CDHDV2Y | P57: =_xll.PLContribFull(B57*100,"BID",O57,"Slot46","TICKER",3,,"Valid") -> 4.595 (12:14:42.759166) | Q57: =_xll.PLContribFull(I57*100,"ASK",O57,"Slot46","TICKER",3,,"Valid") -> 5.785 (12:14:42.759166) | R57: CDHDRR2Y | S57: =_xll.PLContribFull(C57*100,"BID",R57,"Slot46","TICKER",3,,"Valid") -> -0.130 (12:14:42.759166) | T57: =_xll.PLContribFull(J57*100,"ASK",R57,"Slot46","TICKER",3,,"Valid") -> 0.070 (12:14:42.755167) | U57: CDHDRX2Y | V57: =_xll.PLContribFull(D57*100,"BID",U57,"Slot46","TICKER",3,,"Valid") -> -0.190 (12:14:42.748167) | W57: =_xll.PLContribFull(K57*100,"ASK",U57,"Slot46","TICKER",3,,"Valid") -> 0.210 (12:14:42.759166) | X57: CDHDB2Y | Y57: =_xll.PLContribFull(E57*100,"BID",X57,"Slot46","TICKER",3,,"Valid") -> 0.150 (12:14:42.776167) | Z57: =_xll.PLContribFull(L57*100,"ASK",X57,"Slot46","TICKER",3,,"Valid") -> 0.350 (12:14:42.767165) | AA57: CDHDBX2Y | AB57: =_xll.PLContribFull(F57*100,"BID",AA57,"Slot46","TICKER",3,,"Valid") -> 0.740 (12:14:42.759166) | AC57: =_xll.PLContribFull(M57*100,"ASK",AA57,"Slot46","TICKER",3,,"Valid") -> 1.140 (12:14:42.754169)
A58: 3Y | B58: ='G7 Input'!Q54 -> 0.04835 | C58: ='G7 Input'!R54 -> -0.0019 | D58: ='G7 Input'!S54 -> -0.0032 | E58: ='G7 Input'!T54 -> 0.0015 | F58: ='G7 Input'!U54 -> 0.0074 | H58: 3Y | I58: ='G7 Input'!X54 -> 0.06005 | J58: ='G7 Input'!Y54 -> 0.0001 | K58: ='G7 Input'!Z54 -> 0.0008 | L58: ='G7 Input'!AA54 -> 0.0035 | M58: ='G7 Input'!AB54 -> 0.0114 | O58: CDHDV3Y | P58: =_xll.PLContribFull(B58*100,"BID",O58,"Slot46","TICKER",3,,"Valid") -> 4.835 (12:14:42.765166) | Q58: =_xll.PLContribFull(I58*100,"ASK",O58,"Slot46","TICKER",3,,"Valid") -> 6.005 (12:14:42.770167) | R58: CDHDRR3Y | S58: =_xll.PLContribFull(C58*100,"BID",R58,"Slot46","TICKER",3,,"Valid") -> -0.190 (12:14:42.760167) | T58: =_xll.PLContribFull(J58*100,"ASK",R58,"Slot46","TICKER",3,,"Valid") -> 0.010 (12:14:42.753167) | U58: CDHDRX3Y | V58: =_xll.PLContribFull(D58*100,"BID",U58,"Slot46","TICKER",3,,"Valid") -> -0.320 (12:14:42.768166) | W58: =_xll.PLContribFull(K58*100,"ASK",U58,"Slot46","TICKER",3,,"Valid") -> 0.080 (12:14:42.772166) | X58: CDHDB3Y | Y58: =_xll.PLContribFull(E58*100,"BID",X58,"Slot46","TICKER",3,,"Valid") -> 0.150 (12:14:42.771168) | Z58: =_xll.PLContribFull(L58*100,"ASK",X58,"Slot46","TICKER",3,,"Valid") -> 0.350 (12:14:42.773167) | AA58: CDHDBX3Y | AB58: =_xll.PLContribFull(F58*100,"BID",AA58,"Slot46","TICKER",3,,"Valid") -> 0.740 (12:14:42.776167) | AC58: =_xll.PLContribFull(M58*100,"ASK",AA58,"Slot46","TICKER",3,,"Valid") -> 1.140 (12:14:42.776167)
A61: EURUSD | O61: Bloomberg | P61: DCAP Formula | R61: Bloomberg | S61: DCAP Formula | U61: Bloomberg | V61: DCAP Formula | X61: Bloomberg | Y61: DCAP Formula | AA61: Bloomberg | AB61: DCAP Formula
A62: Bid | B62: ATM Vol | C62: RR25 | D62: RR10 | E62: Fly25 | F62: Fly10 | H62: Ask | I62: ATM Vol | J62: RR25 | K62: RR10 | L62: Fly25 | M62: Fly10 | O62: ATM | P62: Bid | Q62: Ask | R62: RR25 | S62: Bid | T62: Ask | U62: RR10 | V62: Bid | W62: Ask | X62: Fly25 | Y62: Bid | Z62: Ask | AA62: Fly10 | AB62: Bid | AC62: Ask
A63: ON | B63: ='G7 Input'!Q58 -> 0.0315 | C63: ='G7 Input'!R58 -> -0.0082 | D63: ='G7 Input'!S58 -> -0.0139 | E63: ='G7 Input'!T58 -> -0.0062 | F63: ='G7 Input'!U58 -> -0.0045 | H63: ON | I63: ='G7 Input'!X58 -> 0.0471 | J63: ='G7 Input'!Y58 -> 0.0058 | K63: ='G7 Input'!Z58 -> 0.0091 | L63: ='G7 Input'!AA58 -> 0.0078 | M63: ='G7 Input'!AB58 -> 0.0105 | O63: EUUSV1D | P63: =_xll.PLContribFull(B63*100,"BID",O63,"Slot46","TICKER",3,,"Valid") -> 3.150 (12:14:42.763166) | Q63: =_xll.PLContribFull(I63*100,"ASK",O63,"Slot46","TICKER",3,,"Valid") -> 4.710 (12:14:42.767165) | R63: EUUSRR1D | S63: =_xll.PLContribFull(C63*100,"BID",R63,"Slot46","TICKER",3,,"Valid") -> -0.820 (12:14:42.768166) | T63: =_xll.PLContribFull(J63*100,"ASK",R63,"Slot46","TICKER",3,,"Valid") -> 0.580 (12:14:42.765166) | U63: EUUSRX1D | V63: =_xll.PLContribFull(D63*100,"BID",U63,"Slot46","TICKER",3,,"Valid") -> -1.390 (12:14:42.767165) | W63: =_xll.PLContribFull(K63*100,"ASK",U63,"Slot46","TICKER",3,,"Valid") -> 0.910 (12:14:42.754169) | X63: EUUSB1D | Y63: =_xll.PLContribFull(E63*100,"BID",X63,"Slot46","TICKER",3,,"Valid") -> -0.620 (12:14:42.769168) | Z63: =_xll.PLContribFull(L63*100,"ASK",X63,"Slot46","TICKER",3,,"Valid") -> 0.780 (12:14:42.764166) | AA63: EUUSBX1D | AB63: =_xll.PLContribFull(F63*100,"BID",AA63,"Slot46","TICKER",3,,"Valid") -> -0.450 (12:14:42.762166) | AC63: =_xll.PLContribFull(M63*100,"ASK",AA63,"Slot46","TICKER",3,,"Valid") -> 1.050 (12:14:42.771168)
A64: 1W | B64: ='G7 Input'!Q59 -> 0.04215 | C64: ='G7 Input'!R59 -> -0.004 | D64: ='G7 Input'!S59 -> -0.0067 | E64: ='G7 Input'!T59 -> -0.0014 | F64: ='G7 Input'!U59 -> 0.0013 | H64: 1W | I64: ='G7 Input'!X59 -> 0.04885 | J64: ='G7 Input'!Y59 -> 0.001 | K64: ='G7 Input'!Z59 -> 0.0013 | L64: ='G7 Input'!AA59 -> 0.0036 | M64: ='G7 Input'!AB59 -> 0.0063 | O64: EUUSV1W | P64: =_xll.PLContribFull(B64*100,"BID",O64,"Slot46","TICKER",3,,"Valid") -> 4.215 (12:14:42.769168) | Q64: =_xll.PLContribFull(I64*100,"ASK",O64,"Slot46","TICKER",3,,"Valid") -> 4.885 (12:14:42.776167) | R64: EUUSRR1W | S64: =_xll.PLContribFull(C64*100,"BID",R64,"Slot46","TICKER",3,,"Valid") -> -0.400 (12:14:42.749167) | T64: =_xll.PLContribFull(J64*100,"ASK",R64,"Slot46","TICKER",3,,"Valid") -> 0.100 (12:14:42.761166) | U64: EUUSRX1W | V64: =_xll.PLContribFull(D64*100,"BID",U64,"Slot46","TICKER",3,,"Valid") -> -0.670 (12:14:42.769168) | W64: =_xll.PLContribFull(K64*100,"ASK",U64,"Slot46","TICKER",3,,"Valid") -> 0.130 (12:14:42.776167) | X64: EUUSB1W | Y64: =_xll.PLContribFull(E64*100,"BID",X64,"Slot46","TICKER",3,,"Valid") -> -0.140 (12:14:42.777166) | Z64: =_xll.PLContribFull(L64*100,"ASK",X64,"Slot46","TICKER",3,,"Valid") -> 0.360 (12:14:42.754169) | AA64: EUUSBX1W | AB64: =_xll.PLContribFull(F64*100,"BID",AA64,"Slot46","TICKER",3,,"Valid") -> 0.130 (12:14:42.778167) | AC64: =_xll.PLContribFull(M64*100,"ASK",AA64,"Slot46","TICKER",3,,"Valid") -> 0.630 (12:14:42.776167)
A65: 2W | B65: ='G7 Input'!Q60 -> 0.04655 | C65: ='G7 Input'!R60 -> -0.0031 | D65: ='G7 Input'!S60 -> -0.0055 | E65: ='G7 Input'!T60 -> -0.0003 | F65: ='G7 Input'!U60 -> 0.0024 | H65: 2W | I65: ='G7 Input'!X60 -> 0.05165 | J65: ='G7 Input'!Y60 -> -0.0001 | K65: ='G7 Input'!Z60 -> -0.0005 | L65: ='G7 Input'!AA60 -> 0.0027 | M65: ='G7 Input'!AB60 -> 0.0064 | O65: EUUSV2W | P65: =_xll.PLContribFull(B65*100,"BID",O65,"Slot46","TICKER",3,,"Valid") -> 4.655 (12:14:42.776167) | Q65: =_xll.PLContribFull(I65*100,"ASK",O65,"Slot46","TICKER",3,,"Valid") -> 5.165 (12:14:42.778167) | R65: EUUSRR2W | S65: =_xll.PLContribFull(C65*100,"BID",R65,"Slot46","TICKER",3,,"Valid") -> -0.310 (12:14:42.775167) | T65: =_xll.PLContribFull(J65*100,"ASK",R65,"Slot46","TICKER",3,,"Valid") -> -0.010 (12:14:42.766166) | U65: EUUSRX2W | V65: =_xll.PLContribFull(D65*100,"BID",U65,"Slot46","TICKER",3,,"Valid") -> -0.550 (12:14:42.762166) | W65: =_xll.PLContribFull(K65*100,"ASK",U65,"Slot46","TICKER",3,,"Valid") -> -0.050 (12:14:42.778167) | X65: EUUSB2W | Y65: =_xll.PLContribFull(E65*100,"BID",X65,"Slot46","TICKER",3,,"Valid") -> -0.030 (12:14:42.776167) | Z65: =_xll.PLContribFull(L65*100,"ASK",X65,"Slot46","TICKER",3,,"Valid") -> 0.270 (12:14:42.772166) | AA65: EUUSBX2W | AB65: =_xll.PLContribFull(F65*100,"BID",AA65,"Slot46","TICKER",3,,"Valid") -> 0.240 (12:14:42.763166) | AC65: =_xll.PLContribFull(M65*100,"ASK",AA65,"Slot46","TICKER",3,,"Valid") -> 0.640 (12:14:42.766166)
A66: 1M | B66: ='G7 Input'!Q61 -> 0.04625 | C66: ='G7 Input'!R61 -> -0.0027 | D66: ='G7 Input'!S61 -> -0.0047 | E66: ='G7 Input'!T61 -> 0.0004 | F66: ='G7 Input'!U61 -> 0.004 | H66: 1M | I66: ='G7 Input'!X61 -> 0.04935 | J66: ='G7 Input'!Y61 -> -0.0007 | K66: ='G7 Input'!Z61 -> -0.0017 | L66: ='G7 Input'!AA61 -> 0.0024 | M66: ='G7 Input'!AB61 -> 0.006 | O66: EUUSV1M | P66: =_xll.PLContribFull(B66*100,"BID",O66,"Slot46","TICKER",3,,"Valid") -> 4.625 (12:14:42.770167) | Q66: =_xll.PLContribFull(I66*100,"ASK",O66,"Slot46","TICKER",3,,"Valid") -> 4.935 (12:14:42.759166) | R66: EUUSVRR | S66: =_xll.PLContribFull(C66*100,"BID",R66,"Slot46","TICKER",3,,"Valid") -> -0.270 (12:14:42.777166) | T66: =_xll.PLContribFull(J66*100,"ASK",R66,"Slot46","TICKER",3,,"Valid") -> -0.070 (12:14:42.767165) | U66: EUUSRX1M | V66: =_xll.PLContribFull(D66*100,"BID",U66,"Slot46","TICKER",3,,"Valid") -> -0.470 (12:14:42.768166) | W66: =_xll.PLContribFull(K66*100,"ASK",U66,"Slot46","TICKER",3,,"Valid") -> -0.170 (12:14:42.775167) | X66: EUUSB1M | Y66: =_xll.PLContribFull(E66*100,"BID",X66,"Slot46","TICKER",3,,"Valid") -> 0.040 (12:14:42.773167) | Z66: =_xll.PLContribFull(L66*100,"ASK",X66,"Slot46","TICKER",3,,"Valid") -> 0.240 (12:14:42.766166) | AA66: EUUSBX1M | AB66: =_xll.PLContribFull(F66*100,"BID",AA66,"Slot46","TICKER",3,,"Valid") -> 0.400 (12:14:42.754169) | AC66: =_xll.PLContribFull(M66*100,"ASK",AA66,"Slot46","TICKER",3,,"Valid") -> 0.600 (12:14:42.775167)
A67: 2M | B67: ='G7 Input'!Q62 -> 0.0483 | C67: ='G7 Input'!R62 -> -0.0028 | D67: ='G7 Input'!S62 -> -0.0049 | E67: ='G7 Input'!T62 -> 0.0006 | F67: ='G7 Input'!U62 -> 0.0049 | H67: 2M | I67: ='G7 Input'!X62 -> 0.0517 | J67: ='G7 Input'!Y62 -> -0.0008 | K67: ='G7 Input'!Z62 -> -0.0019 | L67: ='G7 Input'!AA62 -> 0.0026 | M67: ='G7 Input'!AB62 -> 0.0069 | O67: EUUSV2M | P67: =_xll.PLContribFull(B67*100,"BID",O67,"Slot46","TICKER",3,,"Valid") -> 4.830 (12:14:42.776167) | Q67: =_xll.PLContribFull(I67*100,"ASK",O67,"Slot46","TICKER",3,,"Valid") -> 5.170 (12:14:42.777166) | R67: EUUSRR2M | S67: =_xll.PLContribFull(C67*100,"BID",R67,"Slot46","TICKER",3,,"Valid") -> -0.280 (12:14:42.768166) | T67: =_xll.PLContribFull(J67*100,"ASK",R67,"Slot46","TICKER",3,,"Valid") -> -0.080 (12:14:42.764166) | U67: EUUSRX2M | V67: =_xll.PLContribFull(D67*100,"BID",U67,"Slot46","TICKER",3,,"Valid") -> -0.490 (12:14:42.767165) | W67: =_xll.PLContribFull(K67*100,"ASK",U67,"Slot46","TICKER",3,,"Valid") -> -0.190 (12:14:42.778167) | X67: EUUSB2M | Y67: =_xll.PLContribFull(E67*100,"BID",X67,"Slot46","TICKER",3,,"Valid") -> 0.060 (12:14:42.773167) | Z67: =_xll.PLContribFull(L67*100,"ASK",X67,"Slot46","TICKER",3,,"Valid") -> 0.260 (12:14:42.774166) | AA67: EUUSBX2M | AB67: =_xll.PLContribFull(F67*100,"BID",AA67,"Slot46","TICKER",3,,"Valid") -> 0.490 (12:14:42.777166) | AC67: =_xll.PLContribFull(M67*100,"ASK",AA67,"Slot46","TICKER",3,,"Valid") -> 0.690 (12:14:42.776167)
A68: 3M | B68: ='G7 Input'!Q63 -> 0.04915 | C68: ='G7 Input'!R63 -> -0.0028 | D68: ='G7 Input'!S63 -> -0.005 | E68: ='G7 Input'!T63 -> 0.0009 | F68: ='G7 Input'!U63 -> 0.0058 | H68: 3M | I68: ='G7 Input'!X63 -> 0.05205 | J68: ='G7 Input'!Y63 -> -0.0008 | K68: ='G7 Input'!Z63 -> -0.002 | L68: ='G7 Input'!AA63 -> 0.0029 | M68: ='G7 Input'!AB63 -> 0.0078 | O68: EUUSV3M | P68: =_xll.PLContribFull(B68*100,"BID",O68,"Slot46","TICKER",3,,"Valid") -> 4.915 (12:14:42.770167) | Q68: =_xll.PLContribFull(I68*100,"ASK",O68,"Slot46","TICKER",3,,"Valid") -> 5.205 (12:14:42.761166) | R68: EUUSRR3M | S68: =_xll.PLContribFull(C68*100,"BID",R68,"Slot46","TICKER",3,,"Valid") -> -0.280 (12:14:42.775167) | T68: =_xll.PLContribFull(J68*100,"ASK",R68,"Slot46","TICKER",3,,"Valid") -> -0.080 (12:14:42.759166) | U68: EUUSRX3M | V68: =_xll.PLContribFull(D68*100,"BID",U68,"Slot46","TICKER",3,,"Valid") -> -0.500 (12:14:42.767165) | W68: =_xll.PLContribFull(K68*100,"ASK",U68,"Slot46","TICKER",3,,"Valid") -> -0.200 (12:14:42.770167) | X68: EUUSB3M | Y68: =_xll.PLContribFull(E68*100,"BID",X68,"Slot46","TICKER",3,,"Valid") -> 0.090 (12:14:42.769168) | Z68: =_xll.PLContribFull(L68*100,"ASK",X68,"Slot46","TICKER",3,,"Valid") -> 0.290 (12:14:42.778167) | AA68: EUUSBX3M | AB68: =_xll.PLContribFull(F68*100,"BID",AA68,"Slot46","TICKER",3,,"Valid") -> 0.580 (12:14:42.755167) | AC68: =_xll.PLContribFull(M68*100,"ASK",AA68,"Slot46","TICKER",3,,"Valid") -> 0.780 (12:14:42.759166)
A69: 6M | B69: ='G7 Input'!Q64 -> 0.05225 | C69: ='G7 Input'!R64 -> -0.0027 | D69: ='G7 Input'!S64 -> -0.0043 | E69: ='G7 Input'!T64 -> 0.0013 | F69: ='G7 Input'!U64 -> 0.0075 | H69: 6M | I69: ='G7 Input'!X64 -> 0.05515 | J69: ='G7 Input'!Y64 -> -0.0007 | K69: ='G7 Input'!Z64 -> -0.0023 | L69: ='G7 Input'!AA64 -> 0.0033 | M69: ='G7 Input'!AB64 -> 0.0095 | O69: EUUSV6M | P69: =_xll.PLContribFull(B69*100,"BID",O69,"Slot46","TICKER",3,,"Valid") -> 5.225 (12:14:42.775167) | Q69: =_xll.PLContribFull(I69*100,"ASK",O69,"Slot46","TICKER",3,,"Valid") -> 5.515 (12:14:42.772166) | R69: EUUSRR6M | S69: =_xll.PLContribFull(C69*100,"BID",R69,"Slot46","TICKER",3,,"Valid") -> -0.270 (12:14:42.774166) | T69: =_xll.PLContribFull(J69*100,"ASK",R69,"Slot46","TICKER",3,,"Valid") -> -0.070 (12:14:42.776167) | U69: EUUSRX6M | V69: =_xll.PLContribFull(D69*100,"BID",U69,"Slot46","TICKER",3,,"Valid") -> -0.430 (12:14:42.777166) | W69: =_xll.PLContribFull(K69*100,"ASK",U69,"Slot46","TICKER",3,,"Valid") -> -0.230 (12:14:42.776167) | X69: EUUSB6M | Y69: =_xll.PLContribFull(E69*100,"BID",X69,"Slot46","TICKER",3,,"Valid") -> 0.130 (12:14:42.775167) | Z69: =_xll.PLContribFull(L69*100,"ASK",X69,"Slot46","TICKER",3,,"Valid") -> 0.330 (12:14:42.772166) | AA69: EUUSBX6M | AB69: =_xll.PLContribFull(F69*100,"BID",AA69,"Slot46","TICKER",3,,"Valid") -> 0.750 (12:14:42.768166) | AC69: =_xll.PLContribFull(M69*100,"ASK",AA69,"Slot46","TICKER",3,,"Valid") -> 0.950 (12:14:42.744167)
A70: 9M | B70: ='G7 Input'!Q65 -> 0.0569 | C70: ='G7 Input'!R65 -> -0.0028 | D70: ='G7 Input'!S65 -> -0.0049 | E70: ='G7 Input'!T65 -> 0.0015 | F70: ='G7 Input'!U65 -> 0.0084 | H70: 9M | I70: ='G7 Input'!X65 -> 0.0597 | J70: ='G7 Input'!Y65 -> -0.0008 | K70: ='G7 Input'!Z65 -> -0.0019 | L70: ='G7 Input'!AA65 -> 0.0035 | M70: ='G7 Input'!AB65 -> 0.0104 | O70: EUUSV9M | P70: =_xll.PLContribFull(B70*100,"BID",O70,"Slot46","TICKER",3,,"Valid") -> 5.690 (12:14:42.772166) | Q70: =_xll.PLContribFull(I70*100,"ASK",O70,"Slot46","TICKER",3,,"Valid") -> 5.970 (12:14:42.776167) | R70: EUUSRR9M | S70: =_xll.PLContribFull(C70*100,"BID",R70,"Slot46","TICKER",3,,"Valid") -> -0.280 (12:14:42.770167) | T70: =_xll.PLContribFull(J70*100,"ASK",R70,"Slot46","TICKER",3,,"Valid") -> -0.080 (12:14:42.743167) | U70: EUUSRX9M | V70: =_xll.PLContribFull(D70*100,"BID",U70,"Slot46","TICKER",3,,"Valid") -> -0.490 (12:14:42.759166) | W70: =_xll.PLContribFull(K70*100,"ASK",U70,"Slot46","TICKER",3,,"Valid") -> -0.190 (12:14:42.773167) | X70: EUUSB9M | Y70: =_xll.PLContribFull(E70*100,"BID",X70,"Slot46","TICKER",3,,"Valid") -> 0.150 (12:14:42.774166) | Z70: =_xll.PLContribFull(L70*100,"ASK",X70,"Slot46","TICKER",3,,"Valid") -> 0.350 (12:14:42.771168) | AA70: EUUSBX9M | AB70: =_xll.PLContribFull(F70*100,"BID",AA70,"Slot46","TICKER",3,,"Valid") -> 0.840 (12:14:42.767165) | AC70: =_xll.PLContribFull(M70*100,"ASK",AA70,"Slot46","TICKER",3,,"Valid") -> 1.040 (12:14:42.765166)
A71: 1Y | B71: ='G7 Input'!Q66 -> 0.05905 | C71: ='G7 Input'!R66 -> -0.0029 | D71: ='G7 Input'!S66 -> -0.0045 | E71: ='G7 Input'!T66 -> 0.0019 | F71: ='G7 Input'!U66 -> 0.0099 | H71: 1Y | I71: ='G7 Input'!X66 -> 0.06195 | J71: ='G7 Input'!Y66 -> -0.0009 | K71: ='G7 Input'!Z66 -> -0.0025 | L71: ='G7 Input'!AA66 -> 0.0039 | M71: ='G7 Input'!AB66 -> 0.0119 | O71: EUUSV1Y | P71: =_xll.PLContribFull(B71*100,"BID",O71,"Slot46","TICKER",3,,"Valid") -> 5.905 (12:14:42.765166) | Q71: =_xll.PLContribFull(I71*100,"ASK",O71,"Slot46","TICKER",3,,"Valid") -> 6.195 (12:14:42.767165) | R71: EUUSRR1Y | S71: =_xll.PLContribFull(C71*100,"BID",R71,"Slot46","TICKER",3,,"Valid") -> -0.290 (12:14:42.771168) | T71: =_xll.PLContribFull(J71*100,"ASK",R71,"Slot46","TICKER",3,,"Valid") -> -0.090 (12:14:42.774166) | U71: EUUSRX1Y | V71: =_xll.PLContribFull(D71*100,"BID",U71,"Slot46","TICKER",3,,"Valid") -> -0.450 (12:14:42.776167) | W71: =_xll.PLContribFull(K71*100,"ASK",U71,"Slot46","TICKER",3,,"Valid") -> -0.250 (12:14:42.743167) | X71: EUUSB1Y | Y71: =_xll.PLContribFull(E71*100,"BID",X71,"Slot46","TICKER",3,,"Valid") -> 0.190 (12:14:42.769168) | Z71: =_xll.PLContribFull(L71*100,"ASK",X71,"Slot46","TICKER",3,,"Valid") -> 0.390 (12:14:42.775167) | AA71: EUUSBX1Y | AB71: =_xll.PLContribFull(F71*100,"BID",AA71,"Slot46","TICKER",3,,"Valid") -> 0.990 (12:14:42.763166) | AC71: =_xll.PLContribFull(M71*100,"ASK",AA71,"Slot46","TICKER",3,,"Valid") -> 1.190 (12:14:42.775167)
A72: 2Y | B72: ='G7 Input'!Q67 -> 0.0638 | C72: ='G7 Input'!R67 -> -0.003 | D72: ='G7 Input'!S67 -> -0.005 | E72: ='G7 Input'!T67 -> 0.0027 | F72: ='G7 Input'!U67 -> 0.0124 | H72: 2Y | I72: ='G7 Input'!X67 -> 0.0674 | J72: ='G7 Input'!Y67 -> -0.001 | K72: ='G7 Input'!Z67 -> -0.002 | L72: ='G7 Input'!AA67 -> 0.0047 | M72: ='G7 Input'!AB67 -> 0.0144 | O72: EUUSV2Y | P72: =_xll.PLContribFull(B72*100,"BID",O72,"Slot46","TICKER",3,,"Valid") -> 6.380 (12:14:42.762166) | Q72: =_xll.PLContribFull(I72*100,"ASK",O72,"Slot46","TICKER",3,,"Valid") -> 6.740 (12:14:42.759166) | R72: EUUSRR2Y | S72: =_xll.PLContribFull(C72*100,"BID",R72,"Slot46","TICKER",3,,"Valid") -> -0.300 (12:14:42.772166) | T72: =_xll.PLContribFull(J72*100,"ASK",R72,"Slot46","TICKER",3,,"Valid") -> -0.100 (12:14:42.745167) | U72: EUUSRX2Y | V72: =_xll.PLContribFull(D72*100,"BID",U72,"Slot46","TICKER",3,,"Valid") -> -0.500 (12:14:42.762166) | W72: =_xll.PLContribFull(K72*100,"ASK",U72,"Slot46","TICKER",3,,"Valid") -> -0.200 (12:14:42.765166) | X72: EUUSB2Y | Y72: =_xll.PLContribFull(E72*100,"BID",X72,"Slot46","TICKER",3,,"Valid") -> 0.270 (12:14:42.769168) | Z72: =_xll.PLContribFull(L72*100,"ASK",X72,"Slot46","TICKER",3,,"Valid") -> 0.470 (12:14:42.763166) | AA72: EUUSBX2Y | AB72: =_xll.PLContribFull(F72*100,"BID",AA72,"Slot46","TICKER",3,,"Valid") -> 1.240 (12:14:42.778167) | AC72: =_xll.PLContribFull(M72*100,"ASK",AA72,"Slot46","TICKER",3,,"Valid") -> 1.440 (12:14:42.776167)
A73: 3Y | B73: ='G7 Input'!Q68 -> 0.0665 | C73: ='G7 Input'!R68 -> -0.0027 | D73: ='G7 Input'!S68 -> -0.0045 | E73: ='G7 Input'!T68 -> 0.0023 | F73: ='G7 Input'!U68 -> 0.0109 | H73: 3Y | I73: ='G7 Input'!X68 -> 0.0709 | J73: ='G7 Input'!Y68 -> -0.0007 | K73: ='G7 Input'!Z68 -> -0.0015 | L73: ='G7 Input'!AA68 -> 0.0043 | M73: ='G7 Input'!AB68 -> 0.0129 | O73: EUUSV3Y | P73: =_xll.PLContribFull(B73*100,"BID",O73,"Slot46","TICKER",3,,"Valid") -> 6.650 (12:14:42.767165) | Q73: =_xll.PLContribFull(I73*100,"ASK",O73,"Slot46","TICKER",3,,"Valid") -> 7.090 (12:14:42.778167) | R73: EUUSRR3Y | S73: =_xll.PLContribFull(C73*100,"BID",R73,"Slot46","TICKER",3,,"Valid") -> -0.270 (12:14:42.763166) | T73: =_xll.PLContribFull(J73*100,"ASK",R73,"Slot46","TICKER",3,,"Valid") -> -0.070 (12:14:42.752166) | U73: EUUSRX3Y | V73: =_xll.PLContribFull(D73*100,"BID",U73,"Slot46","TICKER",3,,"Valid") -> -0.450 (12:14:42.763166) | W73: =_xll.PLContribFull(K73*100,"ASK",U73,"Slot46","TICKER",3,,"Valid") -> -0.150 (12:14:42.766166) | X73: EUUSB3Y | Y73: =_xll.PLContribFull(E73*100,"BID",X73,"Slot46","TICKER",3,,"Valid") -> 0.230 (12:14:42.776167) | Z73: =_xll.PLContribFull(L73*100,"ASK",X73,"Slot46","TICKER",3,,"Valid") -> 0.430 (12:14:42.775167) | AA73: EUUSBX3Y | AB73: =_xll.PLContribFull(F73*100,"BID",AA73,"Slot46","TICKER",3,,"Valid") -> 1.090 (12:14:42.754169) | AC73: =_xll.PLContribFull(M73*100,"ASK",AA73,"Slot46","TICKER",3,,"Valid") -> 1.290 (12:14:42.774166)
A76: EURHKD | O76: Bloomberg | P76: DCAP Formula | R76: Bloomberg | S76: DCAP Formula | U76: Bloomberg | V76: DCAP Formula | X76: Bloomberg | Y76: DCAP Formula | AA76: Bloomberg | AB76: DCAP Formula
A77: Bid | B77: ATM Vol | C77: RR25 | D77: RR10 | E77: Fly25 | F77: Fly10 | H77: Ask | I77: ATM Vol | J77: RR25 | K77: RR10 | L77: Fly25 | M77: Fly10 | O77: ATM | P77: Bid | Q77: Ask | R77: RR25 | S77: Bid | T77: Ask | U77: RR10 | V77: Bid | W77: Ask | X77: Fly25 | Y77: Bid | Z77: Ask | AA77: Fly10 | AB77: Bid | AC77: Ask
A78: ON | B78: ='G7 Input'!Q72 -> 0.0252 | C78: ='G7 Input'!R72 -> -0.0084 | D78: ='G7 Input'!S72 -> -0.0141 | E78: ='G7 Input'!T72 -> -0.0061 | F78: ='G7 Input'!U72 -> -0.0041 | H78: ON | I78: ='G7 Input'!X72 -> 0.0546 | J78: ='G7 Input'!Y72 -> 0.0056 | K78: ='G7 Input'!Z72 -> 0.0089 | L78: ='G7 Input'!AA72 -> 0.0079 | M78: ='G7 Input'!AB72 -> 0.0109 | O78: EUHDV1D | P78: =_xll.PLContribFull(B78*100,"BID",O78,"Slot46","TICKER",3,,"Valid") -> 2.520 (12:14:42.773167) | Q78: =_xll.PLContribFull(I78*100,"ASK",O78,"Slot46","TICKER",3,,"Valid") -> 5.460 (12:14:42.761166) | R78: EUHDRR1D | S78: =_xll.PLContribFull(C78*100,"BID",R78,"Slot46","TICKER",3,,"Valid") -> -0.840 (12:14:42.764166) | T78: =_xll.PLContribFull(J78*100,"ASK",R78,"Slot46","TICKER",3,,"Valid") -> 0.560 (12:14:42.742167) | U78: EUHDRX1D | V78: =_xll.PLContribFull(D78*100,"BID",U78,"Slot46","TICKER",3,,"Valid") -> -1.410 (12:14:42.769168) | W78: =_xll.PLContribFull(K78*100,"ASK",U78,"Slot46","TICKER",3,,"Valid") -> 0.890 (12:14:42.775167) | X78: EUHDB1D | Y78: =_xll.PLContribFull(E78*100,"BID",X78,"Slot46","TICKER",3,,"Valid") -> -0.610 (12:14:42.767165) | Z78: =_xll.PLContribFull(L78*100,"ASK",X78,"Slot46","TICKER",3,,"Valid") -> 0.790 (12:14:42.765166) | AA78: EUHDBX1D | AB78: =_xll.PLContribFull(F78*100,"BID",AA78,"Slot46","TICKER",3,,"Valid") -> -0.410 (12:14:42.761166) | AC78: =_xll.PLContribFull(M78*100,"ASK",AA78,"Slot46","TICKER",3,,"Valid") -> 1.090 (12:14:42.769168)
A79: 1W | B79: ='G7 Input'!Q73 -> 0.04155 | C79: ='G7 Input'!R73 -> -0.0041 | D79: ='G7 Input'!S73 -> -0.0071 | E79: ='G7 Input'!T73 -> -0.0014 | F79: ='G7 Input'!U73 -> 0.0016 | H79: 1W | I79: ='G7 Input'!X73 -> 0.05045 | J79: ='G7 Input'!Y73 -> 0.0009 | K79: ='G7 Input'!Z73 -> 0.0009 | L79: ='G7 Input'!AA73 -> 0.0036 | M79: ='G7 Input'!AB73 -> 0.0066 | O79: EUHDV1W | P79: =_xll.PLContribFull(B79*100,"BID",O79,"Slot46","TICKER",3,,"Valid") -> 4.155 (12:14:42.760167) | Q79: =_xll.PLContribFull(I79*100,"ASK",O79,"Slot46","TICKER",3,,"Valid") -> 5.045 (12:14:42.759166) | R79: EUHDRR1W | S79: =_xll.PLContribFull(C79*100,"BID",R79,"Slot46","TICKER",3,,"Valid") -> -0.410 (12:14:42.765166) | T79: =_xll.PLContribFull(J79*100,"ASK",R79,"Slot46","TICKER",3,,"Valid") -> 0.090 (12:14:42.759166) | U79: EUHDRX1W | V79: =_xll.PLContribFull(D79*100,"BID",U79,"Slot46","TICKER",3,,"Valid") -> -0.710 (12:14:42.749167) | W79: =_xll.PLContribFull(K79*100,"ASK",U79,"Slot46","TICKER",3,,"Valid") -> 0.090 (12:14:42.760167) | X79: EUHDB1W | Y79: =_xll.PLContribFull(E79*100,"BID",X79,"Slot46","TICKER",3,,"Valid") -> -0.140 (12:14:42.767165) | Z79: =_xll.PLContribFull(L79*100,"ASK",X79,"Slot46","TICKER",3,,"Valid") -> 0.360 (12:14:42.748167) | AA79: EUHDBX1W | AB79: =_xll.PLContribFull(F79*100,"BID",AA79,"Slot46","TICKER",3,,"Valid") -> 0.160 (12:14:42.765166) | AC79: =_xll.PLContribFull(M79*100,"ASK",AA79,"Slot46","TICKER",3,,"Valid") -> 0.660 (12:14:42.761166)
A80: 2W | B80: ='G7 Input'!Q74 -> 0.04535 | C80: ='G7 Input'!R74 -> -0.0033 | D80: ='G7 Input'!S74 -> -0.0061 | E80: ='G7 Input'!T74 -> -0.0001 | F80: ='G7 Input'!U74 -> 0.003 | H80: 2W | I80: ='G7 Input'!X74 -> 0.05345 | J80: ='G7 Input'!Y74 -> -0.0003 | K80: ='G7 Input'!Z74 -> -0.0011 | L80: ='G7 Input'!AA74 -> 0.0029 | M80: ='G7 Input'!AB74 -> 0.007 | O80: EUHDV2W | P80: =_xll.PLContribFull(B80*100,"BID",O80,"Slot46","TICKER",3,,"Valid") -> 4.535 (12:14:42.778167) | Q80: =_xll.PLContribFull(I80*100,"ASK",O80,"Slot46","TICKER",3,,"Valid") -> 5.345 (12:14:42.768166) | R80: EUHDRR2W | S80: =_xll.PLContribFull(C80*100,"BID",R80,"Slot46","TICKER",3,,"Valid") -> -0.330 (12:14:42.760167) | T80: =_xll.PLContribFull(J80*100,"ASK",R80,"Slot46","TICKER",3,,"Valid") -> -0.030 (12:14:42.748167) | U80: EUHDRX2W | V80: =_xll.PLContribFull(D80*100,"BID",U80,"Slot46","TICKER",3,,"Valid") -> -0.610 (12:14:42.762166) | W80: =_xll.PLContribFull(K80*100,"ASK",U80,"Slot46","TICKER",3,,"Valid") -> -0.110 (12:14:42.770167) | X80: EUHDB2W | Y80: =_xll.PLContribFull(E80*100,"BID",X80,"Slot46","TICKER",3,,"Valid") -> -0.010 (12:14:42.765166) | Z80: =_xll.PLContribFull(L80*100,"ASK",X80,"Slot46","TICKER",3,,"Valid") -> 0.290 (12:14:42.748167) | AA80: EUHDBX2W | AB80: =_xll.PLContribFull(F80*100,"BID",AA80,"Slot46","TICKER",3,,"Valid") -> 0.300 (12:14:42.749167) | AC80: =_xll.PLContribFull(M80*100,"ASK",AA80,"Slot46","TICKER",3,,"Valid") -> 0.700 (12:14:42.779168)
A81: 1M | B81: ='G7 Input'!Q75 -> 0.04505 | C81: ='G7 Input'!R75 -> -0.0028 | D81: ='G7 Input'!S75 -> -0.0051 | E81: ='G7 Input'!T75 -> 0.0004 | F81: ='G7 Input'!U75 -> 0.0041 | H81: 1M | I81: ='G7 Input'!X75 -> 0.05095 | J81: ='G7 Input'!Y75 -> -0.0008 | K81: ='G7 Input'!Z75 -> -0.0021 | L81: ='G7 Input'!AA75 -> 0.0024 | M81: ='G7 Input'!AB75 -> 0.0061 | O81: EUHDV1M | P81: =_xll.PLContribFull(B81*100,"BID",O81,"Slot46","TICKER",3,,"Valid") -> 4.505 (12:14:42.774166) | Q81: =_xll.PLContribFull(I81*100,"ASK",O81,"Slot46","TICKER",3,,"Valid") -> 5.095 (12:14:42.771168) | R81: EUHDVRR | S81: =_xll.PLContribFull(C81*100,"BID",R81,"Slot46","TICKER",3,,"Valid") -> -0.280 (12:14:42.779168) | T81: =_xll.PLContribFull(J81*100,"ASK",R81,"Slot46","TICKER",3,,"Valid") -> -0.080 (12:14:42.772166) | U81: EUHDRX1M | V81: =_xll.PLContribFull(D81*100,"BID",U81,"Slot46","TICKER",3,,"Valid") -> -0.510 (12:14:42.778167) | W81: =_xll.PLContribFull(K81*100,"ASK",U81,"Slot46","TICKER",3,,"Valid") -> -0.210 (12:14:42.777166) | X81: EUHDB1M | Y81: =_xll.PLContribFull(E81*100,"BID",X81,"Slot46","TICKER",3,,"Valid") -> 0.040 (12:14:42.760167) | Z81: =_xll.PLContribFull(L81*100,"ASK",X81,"Slot46","TICKER",3,,"Valid") -> 0.240 (12:14:42.768166) | AA81: EUHDBX1M | AB81: =_xll.PLContribFull(F81*100,"BID",AA81,"Slot46","TICKER",3,,"Valid") -> 0.410 (12:14:42.766166) | AC81: =_xll.PLContribFull(M81*100,"ASK",AA81,"Slot46","TICKER",3,,"Valid") -> 0.610 (12:14:42.765166)
A82: 2M | B82: ='G7 Input'!Q76 -> 0.0476 | C82: ='G7 Input'!R76 -> -0.003 | D82: ='G7 Input'!S76 -> -0.0054 | E82: ='G7 Input'!T76 -> 0.0007 | F82: ='G7 Input'!U76 -> 0.0053 | H82: 2M | I82: ='G7 Input'!X76 -> 0.0534 | J82: ='G7 Input'!Y76 -> -0.001 | K82: ='G7 Input'!Z76 -> -0.0024 | L82: ='G7 Input'!AA76 -> 0.0027 | M82: ='G7 Input'!AB76 -> 0.0073 | O82: EUHDV2M | P82: =_xll.PLContribFull(B82*100,"BID",O82,"Slot46","TICKER",3,,"Valid") -> 4.760 (12:14:42.770167) | Q82: =_xll.PLContribFull(I82*100,"ASK",O82,"Slot46","TICKER",3,,"Valid") -> 5.340 (12:14:42.772166) | R82: EUHDRR2M | S82: =_xll.PLContribFull(C82*100,"BID",R82,"Slot46","TICKER",3,,"Valid") -> -0.300 (12:14:42.746167) | T82: =_xll.PLContribFull(J82*100,"ASK",R82,"Slot46","TICKER",3,,"Valid") -> -0.100 (12:14:42.762166) | U82: EUHDRX2M | V82: =_xll.PLContribFull(D82*100,"BID",U82,"Slot46","TICKER",3,,"Valid") -> -0.540 (12:14:42.764166) | W82: =_xll.PLContribFull(K82*100,"ASK",U82,"Slot46","TICKER",3,,"Valid") -> -0.240 (12:14:42.744167) | X82: EUHDB2M | Y82: =_xll.PLContribFull(E82*100,"BID",X82,"Slot46","TICKER",3,,"Valid") -> 0.070 (12:14:42.768166) | Z82: =_xll.PLContribFull(L82*100,"ASK",X82,"Slot46","TICKER",3,,"Valid") -> 0.270 (12:14:42.775167) | AA82: EUHDBX2M | AB82: =_xll.PLContribFull(F82*100,"BID",AA82,"Slot46","TICKER",3,,"Valid") -> 0.530 (12:14:42.765166) | AC82: =_xll.PLContribFull(M82*100,"ASK",AA82,"Slot46","TICKER",3,,"Valid") -> 0.730 (12:14:42.759166)
A83: 3M | B83: ='G7 Input'!Q77 -> 0.04775 | C83: ='G7 Input'!R77 -> -0.0031 | D83: ='G7 Input'!S77 -> -0.0055 | E83: ='G7 Input'!T77 -> 0.0009 | F83: ='G7 Input'!U77 -> 0.006 | H83: 3M | I83: ='G7 Input'!X77 -> 0.05365 | J83: ='G7 Input'!Y77 -> -0.0011 | K83: ='G7 Input'!Z77 -> -0.0025 | L83: ='G7 Input'!AA77 -> 0.0029 | M83: ='G7 Input'!AB77 -> 0.008 | O83: EUHDV3M | P83: =_xll.PLContribFull(B83*100,"BID",O83,"Slot46","TICKER",3,,"Valid") -> 4.775 (12:14:42.772166) | Q83: =_xll.PLContribFull(I83*100,"ASK",O83,"Slot46","TICKER",3,,"Valid") -> 5.365 (12:14:42.764166) | R83: EUHDRR3M | S83: =_xll.PLContribFull(C83*100,"BID",R83,"Slot46","TICKER",3,,"Valid") -> -0.310 (12:14:42.776167) | T83: =_xll.PLContribFull(J83*100,"ASK",R83,"Slot46","TICKER",3,,"Valid") -> -0.110 (12:14:42.772166) | U83: EUHDRX3M | V83: =_xll.PLContribFull(D83*100,"BID",U83,"Slot46","TICKER",3,,"Valid") -> -0.550 (12:14:42.774166) | W83: =_xll.PLContribFull(K83*100,"ASK",U83,"Slot46","TICKER",3,,"Valid") -> -0.250 (12:14:42.773167) | X83: EUHDB3M | Y83: =_xll.PLContribFull(E83*100,"BID",X83,"Slot46","TICKER",3,,"Valid") -> 0.090 (12:14:42.764166) | Z83: =_xll.PLContribFull(L83*100,"ASK",X83,"Slot46","TICKER",3,,"Valid") -> 0.290 (12:14:42.763166) | AA83: EUHDBX3M | AB83: =_xll.PLContribFull(F83*100,"BID",AA83,"Slot46","TICKER",3,,"Valid") -> 0.600 (12:14:42.775167) | AC83: =_xll.PLContribFull(M83*100,"ASK",AA83,"Slot46","TICKER",3,,"Valid") -> 0.800 (12:14:42.779168)
A84: 6M | B84: ='G7 Input'!Q78 -> 0.05085 | C84: ='G7 Input'!R78 -> -0.0031 | D84: ='G7 Input'!S78 -> -0.0049 | E84: ='G7 Input'!T78 -> 0.0013 | F84: ='G7 Input'!U78 -> 0.0077 | H84: 6M | I84: ='G7 Input'!X78 -> 0.05675 | J84: ='G7 Input'!Y78 -> -0.0011 | K84: ='G7 Input'!Z78 -> -0.0029 | L84: ='G7 Input'!AA78 -> 0.0033 | M84: ='G7 Input'!AB78 -> 0.0097 | O84: EUHDV6M | P84: =_xll.PLContribFull(B84*100,"BID",O84,"Slot46","TICKER",3,,"Valid") -> 5.085 (12:14:42.779168) | Q84: =_xll.PLContribFull(I84*100,"ASK",O84,"Slot46","TICKER",3,,"Valid") -> 5.675 (12:14:42.769168) | R84: EUHDRR6M | S84: =_xll.PLContribFull(C84*100,"BID",R84,"Slot46","TICKER",3,,"Valid") -> -0.310 (12:14:42.749167) | T84: =_xll.PLContribFull(J84*100,"ASK",R84,"Slot46","TICKER",3,,"Valid") -> -0.110 (12:14:42.771168) | U84: EUHDRX6M | V84: =_xll.PLContribFull(D84*100,"BID",U84,"Slot46","TICKER",3,,"Valid") -> -0.490 (12:14:42.766166) | W84: =_xll.PLContribFull(K84*100,"ASK",U84,"Slot46","TICKER",3,,"Valid") -> -0.290 (12:14:42.766166) | X84: EUHDB6M | Y84: =_xll.PLContribFull(E84*100,"BID",X84,"Slot46","TICKER",3,,"Valid") -> 0.130 (12:14:42.759166) | Z84: =_xll.PLContribFull(L84*100,"ASK",X84,"Slot46","TICKER",3,,"Valid") -> 0.330 (12:14:42.752166) | AA84: EUHDBX6M | AB84: =_xll.PLContribFull(F84*100,"BID",AA84,"Slot46","TICKER",3,,"Valid") -> 0.770 (12:14:42.767165) | AC84: =_xll.PLContribFull(M84*100,"ASK",AA84,"Slot46","TICKER",3,,"Valid") -> 0.970 (12:14:42.742167)
A85: 9M | B85: ='G7 Input'!Q79 -> 0.05595 | C85: ='G7 Input'!R79 -> -0.0034 | D85: ='G7 Input'!S79 -> -0.0059 | E85: ='G7 Input'!T79 -> 0.0017 | F85: ='G7 Input'!U79 -> 0.0095 | H85: 9M | I85: ='G7 Input'!X79 -> 0.06185 | J85: ='G7 Input'!Y79 -> -0.0014 | K85: ='G7 Input'!Z79 -> -0.0029 | L85: ='G7 Input'!AA79 -> 0.0037 | M85: ='G7 Input'!AB79 -> 0.0115 | O85: EUHDV9M | P85: =_xll.PLContribFull(B85*100,"BID",O85,"Slot46","TICKER",3,,"Valid") -> 5.595 (12:14:42.766166) | Q85: =_xll.PLContribFull(I85*100,"ASK",O85,"Slot46","TICKER",3,,"Valid") -> 6.185 (12:14:42.777166) | R85: EUHDRR9M | S85: =_xll.PLContribFull(C85*100,"BID",R85,"Slot46","TICKER",3,,"Valid") -> -0.340 (12:14:42.763166) | T85: =_xll.PLContribFull(J85*100,"ASK",R85,"Slot46","TICKER",3,,"Valid") -> -0.140 (12:14:42.759166) | U85: EUHDRX9M | V85: =_xll.PLContribFull(D85*100,"BID",U85,"Slot46","TICKER",3,,"Valid") -> -0.590 (12:14:42.755167) | W85: =_xll.PLContribFull(K85*100,"ASK",U85,"Slot46","TICKER",3,,"Valid") -> -0.290 (12:14:42.765166) | X85: EUHDB9M | Y85: =_xll.PLContribFull(E85*100,"BID",X85,"Slot46","TICKER",3,,"Valid") -> 0.170 (12:14:42.773167) | Z85: =_xll.PLContribFull(L85*100,"ASK",X85,"Slot46","TICKER",3,,"Valid") -> 0.370 (12:14:42.767165) | AA85: EUHDBX9M | AB85: =_xll.PLContribFull(F85*100,"BID",AA85,"Slot46","TICKER",3,,"Valid") -> 0.950 (12:14:42.770167) | AC85: =_xll.PLContribFull(M85*100,"ASK",AA85,"Slot46","TICKER",3,,"Valid") -> 1.150 (12:14:42.756167)
A86: 1Y | B86: ='G7 Input'!Q80 -> 0.0577 | C86: ='G7 Input'!R80 -> -0.0035 | D86: ='G7 Input'!S80 -> -0.0055 | E86: ='G7 Input'!T80 -> 0.0018 | F86: ='G7 Input'!U80 -> 0.0102 | H86: 1Y | I86: ='G7 Input'!X80 -> 0.0637 | J86: ='G7 Input'!Y80 -> -0.0015 | K86: ='G7 Input'!Z80 -> -0.0035 | L86: ='G7 Input'!AA80 -> 0.0038 | M86: ='G7 Input'!AB80 -> 0.0122 | O86: EUHDV1Y | P86: =_xll.PLContribFull(B86*100,"BID",O86,"Slot46","TICKER",3,,"Valid") -> 5.770 (12:14:42.771168) | Q86: =_xll.PLContribFull(I86*100,"ASK",O86,"Slot46","TICKER",3,,"Valid") -> 6.370 (12:14:42.759166) | R86: EUHDRR1Y | S86: =_xll.PLContribFull(C86*100,"BID",R86,"Slot46","TICKER",3,,"Valid") -> -0.350 (12:14:42.775167) | T86: =_xll.PLContribFull(J86*100,"ASK",R86,"Slot46","TICKER",3,,"Valid") -> -0.150 (12:14:42.744167) | U86: EUHDRX1Y | V86: =_xll.PLContribFull(D86*100,"BID",U86,"Slot46","TICKER",3,,"Valid") -> -0.550 (12:14:42.762166) | W86: =_xll.PLContribFull(K86*100,"ASK",U86,"Slot46","TICKER",3,,"Valid") -> -0.350 (12:14:42.764166) | X86: EUHDB1Y | Y86: =_xll.PLContribFull(E86*100,"BID",X86,"Slot46","TICKER",3,,"Valid") -> 0.180 (12:14:42.775167) | Z86: =_xll.PLContribFull(L86*100,"ASK",X86,"Slot46","TICKER",3,,"Valid") -> 0.380 (12:14:42.777166) | AA86: EUHDBX1Y | AB86: =_xll.PLContribFull(F86*100,"BID",AA86,"Slot46","TICKER",3,,"Valid") -> 1.020 (12:14:42.769168) | AC86: =_xll.PLContribFull(M86*100,"ASK",AA86,"Slot46","TICKER",3,,"Valid") -> 1.220 (12:14:42.774166)
A87: 2Y | B87: ='G7 Input'!Q81 -> 0.05995 | C87: ='G7 Input'!R81 -> -0.0041 | D87: ='G7 Input'!S81 -> -0.0067 | E87: ='G7 Input'!T81 -> 0.0025 | F87: ='G7 Input'!U81 -> 0.0126 | H87: 2Y | I87: ='G7 Input'!X81 -> 0.07125 | J87: ='G7 Input'!Y81 -> -0.0021 | K87: ='G7 Input'!Z81 -> -0.0037 | L87: ='G7 Input'!AA81 -> 0.0045 | M87: ='G7 Input'!AB81 -> 0.0146 | O87: EUHDV2Y | P87: =_xll.PLContribFull(B87*100,"BID",O87,"Slot46","TICKER",3,,"Valid") -> 5.995 (12:14:42.775167) | Q87: =_xll.PLContribFull(I87*100,"ASK",O87,"Slot46","TICKER",3,,"Valid") -> 7.125 (12:14:42.767165) | R87: EUHDRR2Y | S87: =_xll.PLContribFull(C87*100,"BID",R87,"Slot46","TICKER",3,,"Valid") -> -0.410 (12:14:42.774166) | T87: =_xll.PLContribFull(J87*100,"ASK",R87,"Slot46","TICKER",3,,"Valid") -> -0.210 (12:14:42.767165) | U87: EUHDRX2Y | V87: =_xll.PLContribFull(D87*100,"BID",U87,"Slot46","TICKER",3,,"Valid") -> -0.670 (12:14:42.775167) | W87: =_xll.PLContribFull(K87*100,"ASK",U87,"Slot46","TICKER",3,,"Valid") -> -0.370 (12:14:42.766166) | X87: EUHDB2Y | Y87: =_xll.PLContribFull(E87*100,"BID",X87,"Slot46","TICKER",3,,"Valid") -> 0.250 (12:14:42.744167) | Z87: =_xll.PLContribFull(L87*100,"ASK",X87,"Slot46","TICKER",3,,"Valid") -> 0.450 (12:14:42.775167) | AA87: EUHDBX2Y | AB87: =_xll.PLContribFull(F87*100,"BID",AA87,"Slot46","TICKER",3,,"Valid") -> 1.260 (12:14:42.768166) | AC87: =_xll.PLContribFull(M87*100,"ASK",AA87,"Slot46","TICKER",3,,"Valid") -> 1.460 (12:14:42.770167)
A88: 3Y | B88: ='G7 Input'!Q82 -> 0.061 | C88: ='G7 Input'!R82 -> -0.0039 | D88: ='G7 Input'!S82 -> -0.0063 | E88: ='G7 Input'!T82 -> 0.0021 | F88: ='G7 Input'!U82 -> 0.0109 | H88: 3Y | I88: ='G7 Input'!X82 -> 0.0762 | J88: ='G7 Input'!Y82 -> -0.0019 | K88: ='G7 Input'!Z82 -> -0.0033 | L88: ='G7 Input'!AA82 -> 0.0041 | M88: ='G7 Input'!AB82 -> 0.0129 | O88: EUHDV3Y | P88: =_xll.PLContribFull(B88*100,"BID",O88,"Slot46","TICKER",3,,"Valid") -> 6.100 (12:14:42.773167) | Q88: =_xll.PLContribFull(I88*100,"ASK",O88,"Slot46","TICKER",3,,"Valid") -> 7.620 (12:14:42.767165) | R88: EUHDRR3Y | S88: =_xll.PLContribFull(C88*100,"BID",R88,"Slot46","TICKER",3,,"Valid") -> -0.390 (12:14:42.770167) | T88: =_xll.PLContribFull(J88*100,"ASK",R88,"Slot46","TICKER",3,,"Valid") -> -0.190 (12:14:42.760167) | U88: EUHDRX3Y | V88: =_xll.PLContribFull(D88*100,"BID",U88,"Slot46","TICKER",3,,"Valid") -> -0.630 (12:14:42.761166) | W88: =_xll.PLContribFull(K88*100,"ASK",U88,"Slot46","TICKER",3,,"Valid") -> -0.330 (12:14:42.771168) | X88: EUHDB3Y | Y88: =_xll.PLContribFull(E88*100,"BID",X88,"Slot46","TICKER",3,,"Valid") -> 0.210 (12:14:42.768166) | Z88: =_xll.PLContribFull(L88*100,"ASK",X88,"Slot46","TICKER",3,,"Valid") -> 0.410 (12:14:42.775167) | AA88: EUHDBX3Y | AB88: =_xll.PLContribFull(F88*100,"BID",AA88,"Slot46","TICKER",3,,"Valid") -> 1.090 (12:14:42.746167) | AC88: =_xll.PLContribFull(M88*100,"ASK",AA88,"Slot46","TICKER",3,,"Valid") -> 1.290 (12:14:42.774166)
A91: GBPUSD | O91: Bloomberg | P91: DCAP Formula | R91: Bloomberg | S91: DCAP Formula | U91: Bloomberg | V91: DCAP Formula | X91: Bloomberg | Y91: DCAP Formula | AA91: Bloomberg | AB91: DCAP Formula
A92: Bid | B92: ATM Vol | C92: RR25 | D92: RR10 | E92: Fly25 | F92: Fly10 | H92: Ask | I92: ATM Vol | J92: RR25 | K92: RR10 | L92: Fly25 | M92: Fly10 | O92: ATM | P92: Bid | Q92: Ask | R92: RR25 | S92: Bid | T92: Ask | U92: RR10 | V92: Bid | W92: Ask | X92: Fly25 | Y92: Bid | Z92: Ask | AA92: Fly10 | AB92: Bid | AC92: Ask
A93: ON | B93: ='G7 Input'!Q86 -> 0.03625 | C93: ='G7 Input'!R86 -> -0.0189 | D93: ='G7 Input'!S86 -> -0.0377 | E93: ='G7 Input'!T86 -> -0.0111 | F93: ='G7 Input'!U86 -> -0.0207 | H93: ON | I93: ='G7 Input'!X86 -> 0.04655 | J93: ='G7 Input'!Y86 -> 0.0131 | K93: ='G7 Input'!Z86 -> 0.0263 | L93: ='G7 Input'!AA86 -> 0.0129 | M93: ='G7 Input'!AB86 -> 0.0273 | O93: BPUSV1D | P93: =_xll.PLContribFull(B93*100,"BID",O93,"Slot46","TICKER",3,,"Valid") -> 3.625 (12:14:42.763166) | Q93: =_xll.PLContribFull(I93*100,"ASK",O93,"Slot46","TICKER",3,,"Valid") -> 4.655 (12:14:42.763166) | R93: BPUSRR1D | S93: =_xll.PLContribFull(C93*100,"BID",R93,"Slot46","TICKER",3,,"Valid") -> -1.890 (12:14:42.759166) | T93: =_xll.PLContribFull(J93*100,"ASK",R93,"Slot46","TICKER",3,,"Valid") -> 1.310 (12:14:42.740168) | U93: BPUSRX1D | V93: =_xll.PLContribFull(D93*100,"BID",U93,"Slot46","TICKER",3,,"Valid") -> -3.770 (12:14:42.773167) | W93: =_xll.PLContribFull(K93*100,"ASK",U93,"Slot46","TICKER",3,,"Valid") -> 2.630 (12:14:42.741170) | X93: BPUSB1D | Y93: =_xll.PLContribFull(E93*100,"BID",X93,"Slot46","TICKER",3,,"Valid") -> -1.110 (12:14:42.771168) | Z93: =_xll.PLContribFull(L93*100,"ASK",X93,"Slot46","TICKER",3,,"Valid") -> 1.290 (12:14:42.770167) | AA93: BPUSBX1D | AB93: =_xll.PLContribFull(F93*100,"BID",AA93,"Slot46","TICKER",3,,"Valid") -> -2.070 (12:14:42.770167) | AC93: =_xll.PLContribFull(M93*100,"ASK",AA93,"Slot46","TICKER",3,,"Valid") -> 2.730 (12:14:42.776167)
A94: 1W | B94: ='G7 Input'!Q87 -> 0.04215 | C94: ='G7 Input'!R87 -> -0.0107 | D94: ='G7 Input'!S87 -> -0.021 | E94: ='G7 Input'!T87 -> -0.0049 | F94: ='G7 Input'!U87 -> -0.0084 | H94: 1W | I94: ='G7 Input'!X87 -> 0.04925 | J94: ='G7 Input'!Y87 -> 0.0043 | K94: ='G7 Input'!Z87 -> 0.009 | L94: ='G7 Input'!AA87 -> 0.0071 | M94: ='G7 Input'!AB87 -> 0.0156 | O94: BPUSV1W | P94: =_xll.PLContribFull(B94*100,"BID",O94,"Slot46","TICKER",3,,"Valid") -> 4.215 (12:14:42.768166) | Q94: =_xll.PLContribFull(I94*100,"ASK",O94,"Slot46","TICKER",3,,"Valid") -> 4.925 (12:14:42.766166) | R94: BPUSRR1W | S94: =_xll.PLContribFull(C94*100,"BID",R94,"Slot46","TICKER",3,,"Valid") -> -1.070 (12:14:42.772166) | T94: =_xll.PLContribFull(J94*100,"ASK",R94,"Slot46","TICKER",3,,"Valid") -> 0.430 (12:14:42.776167) | U94: BPUSRX1W | V94: =_xll.PLContribFull(D94*100,"BID",U94,"Slot46","TICKER",3,,"Valid") -> -2.100 (12:14:42.762166) | W94: =_xll.PLContribFull(K94*100,"ASK",U94,"Slot46","TICKER",3,,"Valid") -> 0.900 (12:14:42.768166) | X94: BPUSB1W | Y94: =_xll.PLContribFull(E94*100,"BID",X94,"Slot46","TICKER",3,,"Valid") -> -0.490 (12:14:42.778167) | Z94: =_xll.PLContribFull(L94*100,"ASK",X94,"Slot46","TICKER",3,,"Valid") -> 0.710 (12:14:42.776167) | AA94: BPUSBX1W | AB94: =_xll.PLContribFull(F94*100,"BID",AA94,"Slot46","TICKER",3,,"Valid") -> -0.840 (12:14:42.775167) | AC94: =_xll.PLContribFull(M94*100,"ASK",AA94,"Slot46","TICKER",3,,"Valid") -> 1.560 (12:14:42.769168)
A95: 2W | B95: ='G7 Input'!Q88 -> 0.05055 | C95: ='G7 Input'!R88 -> -0.0099 | D95: ='G7 Input'!S88 -> -0.0192 | E95: ='G7 Input'!T88 -> -0.0037 | F95: ='G7 Input'!U88 -> -0.0056 | H95: 2W | I95: ='G7 Input'!X88 -> 0.05605 | J95: ='G7 Input'!Y88 -> 0.0021 | K95: ='G7 Input'!Z88 -> 0.0048 | L95: ='G7 Input'!AA88 -> 0.0063 | M95: ='G7 Input'!AB88 -> 0.0144 | O95: BPUSV2W | P95: =_xll.PLContribFull(B95*100,"BID",O95,"Slot46","TICKER",3,,"Valid") -> 5.055 (12:14:42.773167) | Q95: =_xll.PLContribFull(I95*100,"ASK",O95,"Slot46","TICKER",3,,"Valid") -> 5.605 (12:14:42.765166) | R95: BPUSRR2W | S95: =_xll.PLContribFull(C95*100,"BID",R95,"Slot46","TICKER",3,,"Valid") -> -0.990 (12:14:42.746167) | T95: =_xll.PLContribFull(J95*100,"ASK",R95,"Slot46","TICKER",3,,"Valid") -> 0.210 (12:14:42.774166) | U95: BPUSRX2W | V95: =_xll.PLContribFull(D95*100,"BID",U95,"Slot46","TICKER",3,,"Valid") -> -1.920 (12:14:42.770167) | W95: =_xll.PLContribFull(K95*100,"ASK",U95,"Slot46","TICKER",3,,"Valid") -> 0.480 (12:14:42.764166) | X95: BPUSB2W | Y95: =_xll.PLContribFull(E95*100,"BID",X95,"Slot46","TICKER",3,,"Valid") -> -0.370 (12:14:42.748167) | Z95: =_xll.PLContribFull(L95*100,"ASK",X95,"Slot46","TICKER",3,,"Valid") -> 0.630 (12:14:42.778167) | AA95: BPUSBX2W | AB95: =_xll.PLContribFull(F95*100,"BID",AA95,"Slot46","TICKER",3,,"Valid") -> -0.560 (12:14:42.775167) | AC95: =_xll.PLContribFull(M95*100,"ASK",AA95,"Slot46","TICKER",3,,"Valid") -> 1.440 (12:14:42.778167)
A96: 1M | B96: ='G7 Input'!Q89 -> 0.0496 | C96: ='G7 Input'!R89 -> -0.0073 | D96: ='G7 Input'!S89 -> -0.0139 | E96: ='G7 Input'!T89 -> -0.0011 | F96: ='G7 Input'!U89 -> -0.0002 | H96: 1M | I96: ='G7 Input'!X89 -> 0.0534 | J96: ='G7 Input'!Y89 -> -0.0013 | K96: ='G7 Input'!Z89 -> -0.0019 | L96: ='G7 Input'!AA89 -> 0.0039 | M96: ='G7 Input'!AB89 -> 0.0098 | O96: BPUSV1M | P96: =_xll.PLContribFull(B96*100,"BID",O96,"Slot46","TICKER",3,,"Valid") -> 4.960 (12:14:42.772166) | Q96: =_xll.PLContribFull(I96*100,"ASK",O96,"Slot46","TICKER",3,,"Valid") -> 5.340 (12:14:42.778167) | R96: BPUSVRR | S96: =_xll.PLContribFull(C96*100,"BID",R96,"Slot46","TICKER",3,,"Valid") -> -0.730 (12:14:42.768166) | T96: =_xll.PLContribFull(J96*100,"ASK",R96,"Slot46","TICKER",3,,"Valid") -> -0.130 (12:14:42.749167) | U96: BPUSRX1M | V96: =_xll.PLContribFull(D96*100,"BID",U96,"Slot46","TICKER",3,,"Valid") -> -1.390 (12:14:42.753167) | W96: =_xll.PLContribFull(K96*100,"ASK",U96,"Slot46","TICKER",3,,"Valid") -> -0.190 (12:14:42.773167) | X96: BPUSB1M | Y96: =_xll.PLContribFull(E96*100,"BID",X96,"Slot46","TICKER",3,,"Valid") -> -0.110 (12:14:42.744167) | Z96: =_xll.PLContribFull(L96*100,"ASK",X96,"Slot46","TICKER",3,,"Valid") -> 0.390 (12:14:42.766166) | AA96: BPUSBX1M | AB96: =_xll.PLContribFull(F96*100,"BID",AA96,"Slot46","TICKER",3,,"Valid") -> -0.020 (12:14:42.751168) | AC96: =_xll.PLContribFull(M96*100,"ASK",AA96,"Slot46","TICKER",3,,"Valid") -> 0.980 (12:14:42.769168)
A97: 2M | B97: ='G7 Input'!Q90 -> 0.05495 | C97: ='G7 Input'!R90 -> -0.0091 | D97: ='G7 Input'!S90 -> -0.0173 | E97: ='G7 Input'!T90 -> -0.0009 | F97: ='G7 Input'!U90 -> 0.0004 | H97: 2M | I97: ='G7 Input'!X90 -> 0.05865 | J97: ='G7 Input'!Y90 -> -0.0031 | K97: ='G7 Input'!Z90 -> -0.0053 | L97: ='G7 Input'!AA90 -> 0.0041 | M97: ='G7 Input'!AB90 -> 0.0104 | O97: BPUSV2M | P97: =_xll.PLContribFull(B97*100,"BID",O97,"Slot46","TICKER",3,,"Valid") -> 5.495 (12:14:42.775167) | Q97: =_xll.PLContribFull(I97*100,"ASK",O97,"Slot46","TICKER",3,,"Valid") -> 5.865 (12:14:42.765166) | R97: BPUSRR2M | S97: =_xll.PLContribFull(C97*100,"BID",R97,"Slot46","TICKER",3,,"Valid") -> -0.910 (12:14:42.765166) | T97: =_xll.PLContribFull(J97*100,"ASK",R97,"Slot46","TICKER",3,,"Valid") -> -0.310 (12:14:42.756167) | U97: BPUSRX2M | V97: =_xll.PLContribFull(D97*100,"BID",U97,"Slot46","TICKER",3,,"Valid") -> -1.730 (12:14:42.746167) | W97: =_xll.PLContribFull(K97*100,"ASK",U97,"Slot46","TICKER",3,,"Valid") -> -0.530 (12:14:42.760167) | X97: BPUSB2M | Y97: =_xll.PLContribFull(E97*100,"BID",X97,"Slot46","TICKER",3,,"Valid") -> -0.090 (12:14:42.773167) | Z97: =_xll.PLContribFull(L97*100,"ASK",X97,"Slot46","TICKER",3,,"Valid") -> 0.410 (12:14:42.742167) | AA97: BPUSBX2M | AB97: =_xll.PLContribFull(F97*100,"BID",AA97,"Slot46","TICKER",3,,"Valid") -> 0.040 (12:14:42.769168) | AC97: =_xll.PLContribFull(M97*100,"ASK",AA97,"Slot46","TICKER",3,,"Valid") -> 1.040 (12:14:42.766166)
A98: 3M | B98: ='G7 Input'!Q91 -> 0.0557 | C98: ='G7 Input'!R91 -> -0.0094 | D98: ='G7 Input'!S91 -> -0.0181 | E98: ='G7 Input'!T91 -> -0.0008 | F98: ='G7 Input'!U91 -> 0.0009 | H98: 3M | I98: ='G7 Input'!X91 -> 0.0595 | J98: ='G7 Input'!Y91 -> -0.0034 | K98: ='G7 Input'!Z91 -> -0.0061 | L98: ='G7 Input'!AA91 -> 0.0042 | M98: ='G7 Input'!AB91 -> 0.0109 | O98: BPUSV3M | P98: =_xll.PLContribFull(B98*100,"BID",O98,"Slot46","TICKER",3,,"Valid") -> 5.570 (12:14:42.772166) | Q98: =_xll.PLContribFull(I98*100,"ASK",O98,"Slot46","TICKER",3,,"Valid") -> 5.950 (12:14:42.771168) | R98: BPUSRR3M | S98: =_xll.PLContribFull(C98*100,"BID",R98,"Slot46","TICKER",3,,"Valid") -> -0.940 (12:14:42.753167) | T98: =_xll.PLContribFull(J98*100,"ASK",R98,"Slot46","TICKER",3,,"Valid") -> -0.340 (12:14:42.776167) | U98: BPUSRX3M | V98: =_xll.PLContribFull(D98*100,"BID",U98,"Slot46","TICKER",3,,"Valid") -> -1.810 (12:14:42.775167) | W98: =_xll.PLContribFull(K98*100,"ASK",U98,"Slot46","TICKER",3,,"Valid") -> -0.610 (12:14:42.745167) | X98: BPUSB3M | Y98: =_xll.PLContribFull(E98*100,"BID",X98,"Slot46","TICKER",3,,"Valid") -> -0.080 (12:14:42.772166) | Z98: =_xll.PLContribFull(L98*100,"ASK",X98,"Slot46","TICKER",3,,"Valid") -> 0.420 (12:14:42.768166) | AA98: BPUSBX3M | AB98: =_xll.PLContribFull(F98*100,"BID",AA98,"Slot46","TICKER",3,,"Valid") -> 0.090 (12:14:42.746167) | AC98: =_xll.PLContribFull(M98*100,"ASK",AA98,"Slot46","TICKER",3,,"Valid") -> 1.090 (12:14:42.772166)
A99: 6M | B99: ='G7 Input'!Q92 -> 0.06075 | C99: ='G7 Input'!R92 -> -0.0107 | D99: ='G7 Input'!S92 -> -0.0207 | E99: ='G7 Input'!T92 -> -0.0005 | F99: ='G7 Input'!U92 -> 0.0025 | H99: 6M | I99: ='G7 Input'!X92 -> 0.06445 | J99: ='G7 Input'!Y92 -> -0.0047 | K99: ='G7 Input'!Z92 -> -0.0087 | L99: ='G7 Input'!AA92 -> 0.0045 | M99: ='G7 Input'!AB92 -> 0.0125 | O99: BPUSV6M | P99: =_xll.PLContribFull(B99*100,"BID",O99,"Slot46","TICKER",3,,"Valid") -> 6.075 (12:14:42.777166) | Q99: =_xll.PLContribFull(I99*100,"ASK",O99,"Slot46","TICKER",3,,"Valid") -> 6.445 (12:14:42.763166) | R99: BPUSRR6M | S99: =_xll.PLContribFull(C99*100,"BID",R99,"Slot46","TICKER",3,,"Valid") -> -1.070 (12:14:42.750168) | T99: =_xll.PLContribFull(J99*100,"ASK",R99,"Slot46","TICKER",3,,"Valid") -> -0.470 (12:14:42.776167) | U99: BPUSRX6M | V99: =_xll.PLContribFull(D99*100,"BID",U99,"Slot46","TICKER",3,,"Valid") -> -2.070 (12:14:42.748167) | W99: =_xll.PLContribFull(K99*100,"ASK",U99,"Slot46","TICKER",3,,"Valid") -> -0.870 (12:14:42.764166) | X99: BPUSB6M | Y99: =_xll.PLContribFull(E99*100,"BID",X99,"Slot46","TICKER",3,,"Valid") -> -0.050 (12:14:42.753167) | Z99: =_xll.PLContribFull(L99*100,"ASK",X99,"Slot46","TICKER",3,,"Valid") -> 0.450 (12:14:42.775167) | AA99: BPUSBX6M | AB99: =_xll.PLContribFull(F99*100,"BID",AA99,"Slot46","TICKER",3,,"Valid") -> 0.250 (12:14:42.778167) | AC99: =_xll.PLContribFull(M99*100,"ASK",AA99,"Slot46","TICKER",3,,"Valid") -> 1.250 (12:14:42.778167)
A100: 9M | B100: ='G7 Input'!Q93 -> 0.0652 | C100: ='G7 Input'!R93 -> -0.012 | D100: ='G7 Input'!S93 -> -0.0234 | E100: ='G7 Input'!T93 -> 0 | F100: ='G7 Input'!U93 -> 0.0042 | H100: 9M | I100: ='G7 Input'!X93 -> 0.0688 | J100: ='G7 Input'!Y93 -> -0.006 | K100: ='G7 Input'!Z93 -> -0.0114 | L100: ='G7 Input'!AA93 -> 0.005 | M100: ='G7 Input'!AB93 -> 0.0142 | O100: BPUSV9M | P100: =_xll.PLContribFull(B100*100,"BID",O100,"Slot46","TICKER",3,,"Valid") -> 6.520 (12:14:42.764166) | Q100: =_xll.PLContribFull(I100*100,"ASK",O100,"Slot46","TICKER",3,,"Valid") -> 6.880 (12:14:42.769168) | R100: BPUSRR9M | S100: =_xll.PLContribFull(C100*100,"BID",R100,"Slot46","TICKER",3,,"Valid") -> -1.200 (12:14:42.775167) | T100: =_xll.PLContribFull(J100*100,"ASK",R100,"Slot46","TICKER",3,,"Valid") -> -0.600 (12:14:42.767165) | U100: BPUSRX9M | V100: =_xll.PLContribFull(D100*100,"BID",U100,"Slot46","TICKER",3,,"Valid") -> -2.340 (12:14:42.771168) | W100: =_xll.PLContribFull(K100*100,"ASK",U100,"Slot46","TICKER",3,,"Valid") -> -1.140 (12:14:42.765166) | X100: BPUSB9M | Y100: =_xll.PLContribFull(E100*100,"BID",X100,"Slot46","TICKER",3,,"Valid") -> 0.000 (12:14:42.769168) | Z100: =_xll.PLContribFull(L100*100,"ASK",X100,"Slot46","TICKER",3,,"Valid") -> 0.500 (12:14:42.761166) | AA100: BPUSBX9M | AB100: =_xll.PLContribFull(F100*100,"BID",AA100,"Slot46","TICKER",3,,"Valid") -> 0.420 (12:14:42.753167) | AC100: =_xll.PLContribFull(M100*100,"ASK",AA100,"Slot46","TICKER",3,,"Valid") -> 1.420 (12:14:42.764166)
A101: 1Y | B101: ='G7 Input'!Q94 -> 0.0686 | C101: ='G7 Input'!R94 -> -0.0133 | D101: ='G7 Input'!S94 -> -0.026 | E101: ='G7 Input'!T94 -> 0.0004 | F101: ='G7 Input'!U94 -> 0.006 | H101: 1Y | I101: ='G7 Input'!X94 -> 0.0724 | J101: ='G7 Input'!Y94 -> -0.0073 | K101: ='G7 Input'!Z94 -> -0.014 | L101: ='G7 Input'!AA94 -> 0.0054 | M101: ='G7 Input'!AB94 -> 0.016 | O101: BPUSV1Y | P101: =_xll.PLContribFull(B101*100,"BID",O101,"Slot46","TICKER",3,,"Valid") -> 6.860 (12:14:42.766166) | Q101: =_xll.PLContribFull(I101*100,"ASK",O101,"Slot46","TICKER",3,,"Valid") -> 7.240 (12:14:42.761166) | R101: BPUSRR1Y | S101: =_xll.PLContribFull(C101*100,"BID",R101,"Slot46","TICKER",3,,"Valid") -> -1.330 (12:14:42.766166) | T101: =_xll.PLContribFull(J101*100,"ASK",R101,"Slot46","TICKER",3,,"Valid") -> -0.730 (12:14:42.767165) | U101: BPUSRX1Y | V101: =_xll.PLContribFull(D101*100,"BID",U101,"Slot46","TICKER",3,,"Valid") -> -2.600 (12:14:42.766166) | W101: =_xll.PLContribFull(K101*100,"ASK",U101,"Slot46","TICKER",3,,"Valid") -> -1.400 (12:14:42.760167) | X101: BPUSB1Y | Y101: =_xll.PLContribFull(E101*100,"BID",X101,"Slot46","TICKER",3,,"Valid") -> 0.040 (12:14:42.759166) | Z101: =_xll.PLContribFull(L101*100,"ASK",X101,"Slot46","TICKER",3,,"Valid") -> 0.540 (12:14:42.754169) | AA101: BPUSBX1Y | AB101: =_xll.PLContribFull(F101*100,"BID",AA101,"Slot46","TICKER",3,,"Valid") -> 0.600 (12:14:42.741170) | AC101: =_xll.PLContribFull(M101*100,"ASK",AA101,"Slot46","TICKER",3,,"Valid") -> 1.600 (12:14:42.768166)
A102: 2Y | B102: ='G7 Input'!Q95 -> 0.0725 | C102: ='G7 Input'!R95 -> -0.0146 | D102: ='G7 Input'!S95 -> -0.0279 | E102: ='G7 Input'!T95 -> 0.0009 | F102: ='G7 Input'!U95 -> 0.0073 | H102: 2Y | I102: ='G7 Input'!X95 -> 0.0767 | J102: ='G7 Input'!Y95 -> -0.0086 | K102: ='G7 Input'!Z95 -> -0.0159 | L102: ='G7 Input'!AA95 -> 0.0059 | M102: ='G7 Input'!AB95 -> 0.0173 | O102: BPUSV2Y | P102: =_xll.PLContribFull(B102*100,"BID",O102,"Slot46","TICKER",3,,"Valid") -> 7.250 (12:14:42.773167) | Q102: =_xll.PLContribFull(I102*100,"ASK",O102,"Slot46","TICKER",3,,"Valid") -> 7.670 (12:14:42.763166) | R102: BPUSRR2Y | S102: =_xll.PLContribFull(C102*100,"BID",R102,"Slot46","TICKER",3,,"Valid") -> -1.460 (12:14:42.767165) | T102: =_xll.PLContribFull(J102*100,"ASK",R102,"Slot46","TICKER",3,,"Valid") -> -0.860 (12:14:42.772166) | U102: BPUSRX2Y | V102: =_xll.PLContribFull(D102*100,"BID",U102,"Slot46","TICKER",3,,"Valid") -> -2.790 (12:14:42.768166) | W102: =_xll.PLContribFull(K102*100,"ASK",U102,"Slot46","TICKER",3,,"Valid") -> -1.590 (12:14:42.761166) | X102: BPUSB2Y | Y102: =_xll.PLContribFull(E102*100,"BID",X102,"Slot46","TICKER",3,,"Valid") -> 0.090 (12:14:42.761166) | Z102: =_xll.PLContribFull(L102*100,"ASK",X102,"Slot46","TICKER",3,,"Valid") -> 0.590 (12:14:42.760167) | AA102: BPUSBX2Y | AB102: =_xll.PLContribFull(F102*100,"BID",AA102,"Slot46","TICKER",3,,"Valid") -> 0.730 (12:14:42.777166) | AC102: =_xll.PLContribFull(M102*100,"ASK",AA102,"Slot46","TICKER",3,,"Valid") -> 1.730 (12:14:42.776167)
A103: 3Y | B103: ='G7 Input'!Q96 -> 0.0763 | C103: ='G7 Input'!R96 -> -0.0149 | D103: ='G7 Input'!S96 -> -0.0282 | E103: ='G7 Input'!T96 -> 0.001 | F103: ='G7 Input'!U96 -> 0.0075 | H103: 3Y | I103: ='G7 Input'!X96 -> 0.0815 | J103: ='G7 Input'!Y96 -> -0.0089 | K103: ='G7 Input'!Z96 -> -0.0162 | L103: ='G7 Input'!AA96 -> 0.006 | M103: ='G7 Input'!AB96 -> 0.0175 | O103: BPUSV3Y | P103: =_xll.PLContribFull(B103*100,"BID",O103,"Slot46","TICKER",3,,"Valid") -> 7.630 (12:14:42.761166) | Q103: =_xll.PLContribFull(I103*100,"ASK",O103,"Slot46","TICKER",3,,"Valid") -> 8.150 (12:14:42.759166) | R103: BPUSRR3Y | S103: =_xll.PLContribFull(C103*100,"BID",R103,"Slot46","TICKER",3,,"Valid") -> -1.490 (12:14:42.759166) | T103: =_xll.PLContribFull(J103*100,"ASK",R103,"Slot46","TICKER",3,,"Valid") -> -0.890 (12:14:42.764166) | U103: BPUSRX3Y | V103: =_xll.PLContribFull(D103*100,"BID",U103,"Slot46","TICKER",3,,"Valid") -> -2.820 (12:14:42.755167) | W103: =_xll.PLContribFull(K103*100,"ASK",U103,"Slot46","TICKER",3,,"Valid") -> -1.620 (12:14:42.761166) | X103: BPUSB3Y | Y103: =_xll.PLContribFull(E103*100,"BID",X103,"Slot46","TICKER",3,,"Valid") -> 0.100 (12:14:42.761166) | Z103: =_xll.PLContribFull(L103*100,"ASK",X103,"Slot46","TICKER",3,,"Valid") -> 0.600 (12:14:42.763166) | AA103: BPUSBX3Y | AB103: =_xll.PLContribFull(F103*100,"BID",AA103,"Slot46","TICKER",3,,"Valid") -> 0.750 (12:14:42.752166) | AC103: =_xll.PLContribFull(M103*100,"ASK",AA103,"Slot46","TICKER",3,,"Valid") -> 1.750 (12:14:42.766166)
A106: GBPHKD | O106: Bloomberg | P106: DCAP Formula | R106: Bloomberg | S106: DCAP Formula | U106: Bloomberg | V106: DCAP Formula | X106: Bloomberg | Y106: DCAP Formula | AA106: Bloomberg | AB106: DCAP Formula
A107: Bid | B107: ATM Vol | C107: RR25 | D107: RR10 | E107: Fly25 | F107: Fly10 | H107: Ask | I107: ATM Vol | J107: RR25 | K107: RR10 | L107: Fly25 | M107: Fly10 | O107: ATM | P107: Bid | Q107: Ask | R107: RR25 | S107: Bid | T107: Ask | U107: RR10 | V107: Bid | W107: Ask | X107: Fly25 | Y107: Bid | Z107: Ask | AA107: Fly10 | AB107: Bid | AC107: Ask
A108: ON | B108: ='G7 Input'!Q100 -> 0.0322 | C108: ='G7 Input'!R100 -> -0.0193 | D108: ='G7 Input'!S100 -> -0.0384 | E108: ='G7 Input'!T100 -> -0.011 | F108: ='G7 Input'!U100 -> -0.0203 | H108: ON | I108: ='G7 Input'!X100 -> 0.0598 | J108: ='G7 Input'!Y100 -> 0.0127 | K108: ='G7 Input'!Z100 -> 0.0256 | L108: ='G7 Input'!AA100 -> 0.013 | M108: ='G7 Input'!AB100 -> 0.0277 | O108: BPHDV1D | P108: =_xll.PLContribFull(B108*100,"BID",O108,"Slot46","TICKER",3,,"Valid") -> 3.220 (12:14:42.772166) | Q108: =_xll.PLContribFull(I108*100,"ASK",O108,"Slot46","TICKER",3,,"Valid") -> 5.980 (12:14:42.770167) | R108: BPHDRR1D | S108: =_xll.PLContribFull(C108*100,"BID",R108,"Slot46","TICKER",3,,"Valid") -> -1.930 (12:14:42.776167) | T108: =_xll.PLContribFull(J108*100,"ASK",R108,"Slot46","TICKER",3,,"Valid") -> 1.270 (12:14:42.770167) | U108: BPHDRX1D | V108: =_xll.PLContribFull(D108*100,"BID",U108,"Slot46","TICKER",3,,"Valid") -> -3.840 (12:14:42.777166) | W108: =_xll.PLContribFull(K108*100,"ASK",U108,"Slot46","TICKER",3,,"Valid") -> 2.560 (12:14:42.770167) | X108: BPHDB1D | Y108: =_xll.PLContribFull(E108*100,"BID",X108,"Slot46","TICKER",3,,"Valid") -> -1.100 (12:14:42.774166) | Z108: =_xll.PLContribFull(L108*100,"ASK",X108,"Slot46","TICKER",3,,"Valid") -> 1.300 (12:14:42.776167) | AA108: BPHDBX1D | AB108: =_xll.PLContribFull(F108*100,"BID",AA108,"Slot46","TICKER",3,,"Valid") -> -2.030 (12:14:42.761166) | AC108: =_xll.PLContribFull(M108*100,"ASK",AA108,"Slot46","TICKER",3,,"Valid") -> 2.770 (12:14:42.777166)
A109: 1W | B109: ='G7 Input'!Q101 -> 0.04065 | C109: ='G7 Input'!R101 -> -0.0109 | D109: ='G7 Input'!S101 -> -0.0216 | E109: ='G7 Input'!T101 -> -0.005 | F109: ='G7 Input'!U101 -> -0.0082 | H109: 1W | I109: ='G7 Input'!X101 -> 0.05415 | J109: ='G7 Input'!Y101 -> 0.0041 | K109: ='G7 Input'!Z101 -> 0.0084 | L109: ='G7 Input'!AA101 -> 0.007 | M109: ='G7 Input'!AB101 -> 0.0158 | O109: BPHDV1W | P109: =_xll.PLContribFull(B109*100,"BID",O109,"Slot46","TICKER",3,,"Valid") -> 4.065 (12:14:42.775167) | Q109: =_xll.PLContribFull(I109*100,"ASK",O109,"Slot46","TICKER",3,,"Valid") -> 5.415 (12:14:42.769168) | R109: BPHDRR1W | S109: =_xll.PLContribFull(C109*100,"BID",R109,"Slot46","TICKER",3,,"Valid") -> -1.090 (12:14:42.777166) | T109: =_xll.PLContribFull(J109*100,"ASK",R109,"Slot46","TICKER",3,,"Valid") -> 0.410 (12:14:42.752166) | U109: BPHDRX1W | V109: =_xll.PLContribFull(D109*100,"BID",U109,"Slot46","TICKER",3,,"Valid") -> -2.160 (12:14:42.776167) | W109: =_xll.PLContribFull(K109*100,"ASK",U109,"Slot46","TICKER",3,,"Valid") -> 0.840 (12:14:42.756167) | X109: BPHDB1W | Y109: =_xll.PLContribFull(E109*100,"BID",X109,"Slot46","TICKER",3,,"Valid") -> -0.500 (12:14:42.761166) | Z109: =_xll.PLContribFull(L109*100,"ASK",X109,"Slot46","TICKER",3,,"Valid") -> 0.700 (12:14:42.763166) | AA109: BPHDBX1W | AB109: =_xll.PLContribFull(F109*100,"BID",AA109,"Slot46","TICKER",3,,"Valid") -> -0.820 (12:14:42.755167) | AC109: =_xll.PLContribFull(M109*100,"ASK",AA109,"Slot46","TICKER",3,,"Valid") -> 1.580 (12:14:42.768166)
A110: 2W | B110: ='G7 Input'!Q102 -> 0.0491 | C110: ='G7 Input'!R102 -> -0.0105 | D110: ='G7 Input'!S102 -> -0.0207 | E110: ='G7 Input'!T102 -> -0.0037 | F110: ='G7 Input'!U102 -> -0.005 | H110: 2W | I110: ='G7 Input'!X102 -> 0.0615 | J110: ='G7 Input'!Y102 -> 0.0015 | K110: ='G7 Input'!Z102 -> 0.0033 | L110: ='G7 Input'!AA102 -> 0.0063 | M110: ='G7 Input'!AB102 -> 0.015 | O110: BPHDV2W | P110: =_xll.PLContribFull(B110*100,"BID",O110,"Slot46","TICKER",3,,"Valid") -> 4.910 (12:14:42.762166) | Q110: =_xll.PLContribFull(I110*100,"ASK",O110,"Slot46","TICKER",3,,"Valid") -> 6.150 (12:14:42.759166) | R110: BPHDRR2W | S110: =_xll.PLContribFull(C110*100,"BID",R110,"Slot46","TICKER",3,,"Valid") -> -1.050 (12:14:42.774166) | T110: =_xll.PLContribFull(J110*100,"ASK",R110,"Slot46","TICKER",3,,"Valid") -> 0.150 (12:14:42.767165) | U110: BPHDRX2W | V110: =_xll.PLContribFull(D110*100,"BID",U110,"Slot46","TICKER",3,,"Valid") -> -2.070 (12:14:42.768166) | W110: =_xll.PLContribFull(K110*100,"ASK",U110,"Slot46","TICKER",3,,"Valid") -> 0.330 (12:14:42.766166) | X110: BPHDB2W | Y110: =_xll.PLContribFull(E110*100,"BID",X110,"Slot46","TICKER",3,,"Valid") -> -0.370 (12:14:42.775167) | Z110: =_xll.PLContribFull(L110*100,"ASK",X110,"Slot46","TICKER",3,,"Valid") -> 0.630 (12:14:42.764166) | AA110: BPHDBX2W | AB110: =_xll.PLContribFull(F110*100,"BID",AA110,"Slot46","TICKER",3,,"Valid") -> -0.500 (12:14:42.768166) | AC110: =_xll.PLContribFull(M110*100,"ASK",AA110,"Slot46","TICKER",3,,"Valid") -> 1.500 (12:14:42.772166)
A111: 1M | B111: ='G7 Input'!Q103 -> 0.04765 | C111: ='G7 Input'!R103 -> -0.0074 | D111: ='G7 Input'!S103 -> -0.0145 | E111: ='G7 Input'!T103 -> -0.0012 | F111: ='G7 Input'!U103 -> -0.0002 | H111: 1M | I111: ='G7 Input'!X103 -> 0.05695 | J111: ='G7 Input'!Y103 -> -0.0014 | K111: ='G7 Input'!Z103 -> -0.0025 | L111: ='G7 Input'!AA103 -> 0.0038 | M111: ='G7 Input'!AB103 -> 0.0098 | O111: BPHDV1M | P111: =_xll.PLContribFull(B111*100,"BID",O111,"Slot46","TICKER",3,,"Valid") -> 4.765 (12:14:42.765166) | Q111: =_xll.PLContribFull(I111*100,"ASK",O111,"Slot46","TICKER",3,,"Valid") -> 5.695 (12:14:42.779168) | R111: BPHDVRR | S111: =_xll.PLContribFull(C111*100,"BID",R111,"Slot46","TICKER",3,,"Valid") -> -0.740 (12:14:42.773167) | T111: =_xll.PLContribFull(J111*100,"ASK",R111,"Slot46","TICKER",3,,"Valid") -> -0.140 (12:14:42.759166) | U111: BPHDRX1M | V111: =_xll.PLContribFull(D111*100,"BID",U111,"Slot46","TICKER",3,,"Valid") -> -1.450 (12:14:42.770167) | W111: =_xll.PLContribFull(K111*100,"ASK",U111,"Slot46","TICKER",3,,"Valid") -> -0.250 (12:14:42.775167) | X111: BPHDB1M | Y111: =_xll.PLContribFull(E111*100,"BID",X111,"Slot46","TICKER",3,,"Valid") -> -0.120 (12:14:42.765166) | Z111: =_xll.PLContribFull(L111*100,"ASK",X111,"Slot46","TICKER",3,,"Valid") -> 0.380 (12:14:42.760167) | AA111: BPHDBX1M | AB111: =_xll.PLContribFull(F111*100,"BID",AA111,"Slot46","TICKER",3,,"Valid") -> -0.020 (12:14:42.772166) | AC111: =_xll.PLContribFull(M111*100,"ASK",AA111,"Slot46","TICKER",3,,"Valid") -> 0.980 (12:14:42.776167)
A112: 2M | B112: ='G7 Input'!Q104 -> 0.05295 | C112: ='G7 Input'!R104 -> -0.0093 | D112: ='G7 Input'!S104 -> -0.0183 | E112: ='G7 Input'!T104 -> -0.001 | F112: ='G7 Input'!U104 -> 0.0005 | H112: 2M | I112: ='G7 Input'!X104 -> 0.06205 | J112: ='G7 Input'!Y104 -> -0.0033 | K112: ='G7 Input'!Z104 -> -0.0063 | L112: ='G7 Input'!AA104 -> 0.004 | M112: ='G7 Input'!AB104 -> 0.0105 | O112: BPHDV2M | P112: =_xll.PLContribFull(B112*100,"BID",O112,"Slot46","TICKER",3,,"Valid") -> 5.295 (12:14:42.771168) | Q112: =_xll.PLContribFull(I112*100,"ASK",O112,"Slot46","TICKER",3,,"Valid") -> 6.205 (12:14:42.774166) | R112: BPHDRR2M | S112: =_xll.PLContribFull(C112*100,"BID",R112,"Slot46","TICKER",3,,"Valid") -> -0.930 (12:14:42.746167) | T112: =_xll.PLContribFull(J112*100,"ASK",R112,"Slot46","TICKER",3,,"Valid") -> -0.330 (12:14:42.768166) | U112: BPHDRX2M | V112: =_xll.PLContribFull(D112*100,"BID",U112,"Slot46","TICKER",3,,"Valid") -> -1.830 (12:14:42.778167) | W112: =_xll.PLContribFull(K112*100,"ASK",U112,"Slot46","TICKER",3,,"Valid") -> -0.630 (12:14:42.771168) | X112: BPHDB2M | Y112: =_xll.PLContribFull(E112*100,"BID",X112,"Slot46","TICKER",3,,"Valid") -> -0.100 (12:14:42.765166) | Z112: =_xll.PLContribFull(L112*100,"ASK",X112,"Slot46","TICKER",3,,"Valid") -> 0.400 (12:14:42.759166) | AA112: BPHDBX2M | AB112: =_xll.PLContribFull(F112*100,"BID",AA112,"Slot46","TICKER",3,,"Valid") -> 0.050 (12:14:42.772166) | AC112: =_xll.PLContribFull(M112*100,"ASK",AA112,"Slot46","TICKER",3,,"Valid") -> 1.050 (12:14:42.777166)
A113: 3M | B113: ='G7 Input'!Q105 -> 0.0536 | C113: ='G7 Input'!R105 -> -0.0097 | D113: ='G7 Input'!S105 -> -0.019 | E113: ='G7 Input'!T105 -> -0.0009 | F113: ='G7 Input'!U105 -> 0.001 | H113: 3M | I113: ='G7 Input'!X105 -> 0.063 | J113: ='G7 Input'!Y105 -> -0.0037 | K113: ='G7 Input'!Z105 -> -0.007 | L113: ='G7 Input'!AA105 -> 0.0041 | M113: ='G7 Input'!AB105 -> 0.011 | O113: BPHDV3M | P113: =_xll.PLContribFull(B113*100,"BID",O113,"Slot46","TICKER",3,,"Valid") -> 5.360 (12:14:42.766166) | Q113: =_xll.PLContribFull(I113*100,"ASK",O113,"Slot46","TICKER",3,,"Valid") -> 6.300 (12:14:42.760167) | R113: BPHDRR3M | S113: =_xll.PLContribFull(C113*100,"BID",R113,"Slot46","TICKER",3,,"Valid") -> -0.970 (12:14:42.778167) | T113: =_xll.PLContribFull(J113*100,"ASK",R113,"Slot46","TICKER",3,,"Valid") -> -0.370 (12:14:42.775167) | U113: BPHDRX3M | V113: =_xll.PLContribFull(D113*100,"BID",U113,"Slot46","TICKER",3,,"Valid") -> -1.900 (12:14:42.761166) | W113: =_xll.PLContribFull(K113*100,"ASK",U113,"Slot46","TICKER",3,,"Valid") -> -0.700 (12:14:42.759166) | X113: BPHDB3M | Y113: =_xll.PLContribFull(E113*100,"BID",X113,"Slot46","TICKER",3,,"Valid") -> -0.090 (12:14:42.767165) | Z113: =_xll.PLContribFull(L113*100,"ASK",X113,"Slot46","TICKER",3,,"Valid") -> 0.410 (12:14:42.772166) | AA113: BPHDBX3M | AB113: =_xll.PLContribFull(F113*100,"BID",AA113,"Slot46","TICKER",3,,"Valid") -> 0.100 (12:14:42.776167) | AC113: =_xll.PLContribFull(M113*100,"ASK",AA113,"Slot46","TICKER",3,,"Valid") -> 1.100 (12:14:42.752166)
A114: 6M | B114: ='G7 Input'!Q106 -> 0.05835 | C114: ='G7 Input'!R106 -> -0.0112 | D114: ='G7 Input'!S106 -> -0.022 | E114: ='G7 Input'!T106 -> -0.0006 | F114: ='G7 Input'!U106 -> 0.0026 | H114: 6M | I114: ='G7 Input'!X106 -> 0.06785 | J114: ='G7 Input'!Y106 -> -0.0052 | K114: ='G7 Input'!Z106 -> -0.01 | L114: ='G7 Input'!AA106 -> 0.0044 | M114: ='G7 Input'!AB106 -> 0.0126 | O114: BPHDV6M | P114: =_xll.PLContribFull(B114*100,"BID",O114,"Slot46","TICKER",3,,"Valid") -> 5.835 (12:14:42.761166) | Q114: =_xll.PLContribFull(I114*100,"ASK",O114,"Slot46","TICKER",3,,"Valid") -> 6.785 (12:14:42.771168) | R114: BPHDRR6M | S114: =_xll.PLContribFull(C114*100,"BID",R114,"Slot46","TICKER",3,,"Valid") -> -1.120 (12:14:42.771168) | T114: =_xll.PLContribFull(J114*100,"ASK",R114,"Slot46","TICKER",3,,"Valid") -> -0.520 (12:14:42.760167) | U114: BPHDRX6M | V114: =_xll.PLContribFull(D114*100,"BID",U114,"Slot46","TICKER",3,,"Valid") -> -2.200 (12:14:42.753167) | W114: =_xll.PLContribFull(K114*100,"ASK",U114,"Slot46","TICKER",3,,"Valid") -> -1.000 (12:14:42.766166) | X114: BPHDB6M | Y114: =_xll.PLContribFull(E114*100,"BID",X114,"Slot46","TICKER",3,,"Valid") -> -0.060 (12:14:42.745167) | Z114: =_xll.PLContribFull(L114*100,"ASK",X114,"Slot46","TICKER",3,,"Valid") -> 0.440 (12:14:42.769168) | AA114: BPHDBX6M | AB114: =_xll.PLContribFull(F114*100,"BID",AA114,"Slot46","TICKER",3,,"Valid") -> 0.260 (12:14:42.769168) | AC114: =_xll.PLContribFull(M114*100,"ASK",AA114,"Slot46","TICKER",3,,"Valid") -> 1.260 (12:14:42.764166)
...

Sheet G7 Cross Input
A1: Ccy Pair | B1: Mid | C1: ATM | D1: 25D RR | E1: 10D RR | F1: 25D BF | G1: 10D BF | I1: Spread | J1: ATM | K1: 25D RR | L1: 10D RR | M1: 25D BF | N1: 10D BF | P1: BID | Q1: ATM | R1: 25D RR | S1: 10D RR | T1: 25D BF | U1: 10D BF | W1: OFFER | X1: ATM | Y1: 25D RR | Z1: 10D RR | AA1: 25D BF | AB1: 10D BF
A2: AUDCAD | B2: ON | C2: =[1]AUDCAD!$B15 -> 0.0579 | D2: =[1]AUDCAD!$F15 -> -0.0033 | E2: =[1]AUDCAD!$E15 -> -0.0064 | F2: =[1]AUDCAD!$D15 -> 0.0012 | G2: =[1]AUDCAD!$C15 -> 0.0044 | I2: ON | J2: ='[2]G7 Cross'!$C14 -> 4.61 | K2: 3 | L2: 6 | M2: 2.1 | N2: 4.2 | P2: ON | Q2: =(C2-J2/200)-0.002 -> 0.03285 | R2: =D2-K2/200 -> -0.0183 | S2: =E2-L2/200 -> -0.0364 | T2: =F2-M2/200 -> -0.0093 | U2: =G2-N2/200 -> -0.0166 | W2: ON | X2: =(C2+J2/200)-0.002 -> 0.07895 | Y2: =D2+K2/200 -> 0.0117 | Z2: =E2+L2/200 -> 0.0236 | AA2: =F2+M2/200 -> 0.0117 | AB2: =G2+N2/200 -> 0.0254
A3: AUDCAD | B3: 1W | C3: =[1]AUDCAD!$B16 -> 0.0481 | D3: =[1]AUDCAD!$F16 -> -0.0027 | E3: =[1]AUDCAD!$E16 -> -0.0053 | F3: =[1]AUDCAD!$D16 -> 0.001 | G3: =[1]AUDCAD!$C16 -> 0.0037 | I3: 1W | J3: ='[2]G7 Cross'!$C15 -> 1.29 | K3: 1.2 | L3: 2.4 | M3: 0.8 | N3: 1.6 | P3: 1W | Q3: =(C3-J3/200)-0.002 -> 0.03965 | R3: =D3-K3/200 -> -0.0087 | S3: =E3-L3/200 -> -0.0173 | T3: =F3-M3/200 -> -0.003 | U3: =G3-N3/200 -> -0.0043 | W3: 1W | X3: =(C3+J3/200)-0.002 -> 0.05255 | Y3: =D3+K3/200 -> 0.0033 | Z3: =E3+L3/200 -> 0.0067 | AA3: =F3+M3/200 -> 0.005 | AB3: =G3+N3/200 -> 0.0117
A4: AUDCAD | B4: 2W | C4: =[1]AUDCAD!$B17 -> 0.0478 | D4: =[1]AUDCAD!$F17 -> -0.0028 | E4: =[1]AUDCAD!$E17 -> -0.0055 | F4: =[1]AUDCAD!$D17 -> 0.001 | G4: =[1]AUDCAD!$C17 -> 0.0037 | I4: 2W | J4: ='[2]G7 Cross'!$C16 -> 0.78 | K4: 0.8 | L4: 1.6 | M4: 0.6 | N4: 1.2 | P4: 2W | Q4: =(C4-J4/200)-0.002 -> 0.0419 | R4: =D4-K4/200 -> -0.0068 | S4: =E4-L4/200 -> -0.0135 | T4: =F4-M4/200 -> -0.002 | U4: =G4-N4/200 -> -0.0023 | W4: 2W | X4: =(C4+J4/200)-0.002 -> 0.0497 | Y4: =D4+K4/200 -> 0.0012 | Z4: =E4+L4/200 -> 0.0025 | AA4: =F4+M4/200 -> 0.004 | AB4: =G4+N4/200 -> 0.0097
A5: AUDCAD | B5: 1M | C5: =[1]AUDCAD!$B18 -> 0.0523 | D5: =[1]AUDCAD!$F18 -> -0.0034 | E5: =[1]AUDCAD!$E18 -> -0.0067 | F5: =[1]AUDCAD!$D18 -> 0.0012 | G5: =[1]AUDCAD!$C18 -> 0.0043 | I5: 1M | J5: ='[2]G7 Cross'!$C17 -> 0.48 | K5: 0.5 | L5: 1 | M5: 0.4 | N5: 0.8 | P5: 1M | Q5: =(C5-J5/200)-0.002 -> 0.0479 | R5: =D5-K5/200 -> -0.0059 | S5: =E5-L5/200 -> -0.0117 | T5: =F5-M5/200 -> -0.0008 | U5: =G5-N5/200 -> 0.0003 | W5: 1M | X5: =(C5+J5/200)-0.002 -> 0.0527 | Y5: =D5+K5/200 -> -0.0009 | Z5: =E5+L5/200 -> -0.0017 | AA5: =F5+M5/200 -> 0.0032 | AB5: =G5+N5/200 -> 0.0083
A6: AUDCAD | B6: 2M | C6: =[1]AUDCAD!$B19 -> 0.054 | D6: =[1]AUDCAD!$F19 -> -0.0039 | E6: =[1]AUDCAD!$E19 -> -0.0076 | F6: =[1]AUDCAD!$D19 -> 0.0013 | G6: =[1]AUDCAD!$C19 -> 0.0051 | I6: 2M | J6: ='[2]G7 Cross'!$C18 -> 0.44 | K6: 0.5 | L6: 1 | M6: 0.4 | N6: 0.8 | P6: 2M | Q6: =(C6-J6/200)-0.002 -> 0.0498 | R6: =D6-K6/200 -> -0.0064 | S6: =E6-L6/200 -> -0.0126 | T6: =F6-M6/200 -> -0.0007 | U6: =G6-N6/200 -> 0.0011 | W6: 2M | X6: =(C6+J6/200)-0.002 -> 0.0542 | Y6: =D6+K6/200 -> -0.0014 | Z6: =E6+L6/200 -> -0.0026 | AA6: =F6+M6/200 -> 0.0033 | AB6: =G6+N6/200 -> 0.0091
A7: AUDCAD | B7: 3M | C7: =[1]AUDCAD!$B20 -> 0.0557 | D7: =[1]AUDCAD!$F20 -> -0.0044 | E7: =[1]AUDCAD!$E20 -> -0.0086 | F7: =[1]AUDCAD!$D20 -> 0.0015 | G7: =[1]AUDCAD!$C20 -> 0.0059 | I7: 3M | J7: ='[2]G7 Cross'!$C19 -> 0.44 | K7: 0.5 | L7: 1 | M7: 0.4 | N7: 0.8 | P7: 3M | Q7: =(C7-J7/200)-0.002 -> 0.0515 | R7: =D7-K7/200 -> -0.0069 | S7: =E7-L7/200 -> -0.0136 | T7: =F7-M7/200 -> -0.0005 | U7: =G7-N7/200 -> 0.0019 | W7: 3M | X7: =(C7+J7/200)-0.002 -> 0.0559 | Y7: =D7+K7/200 -> -0.0019 | Z7: =E7+L7/200 -> -0.0036 | AA7: =F7+M7/200 -> 0.0035 | AB7: =G7+N7/200 -> 0.0099
A8: AUDCAD | B8: 6M | C8: =[1]AUDCAD!$B21 -> 0.058 | D8: =[1]AUDCAD!$F21 -> -0.0051 | E8: =[1]AUDCAD!$E21 -> -0.0101 | F8: =[1]AUDCAD!$D21 -> 0.0017 | G8: =[1]AUDCAD!$C21 -> 0.0069 | I8: 6M | J8: ='[2]G7 Cross'!$C20 -> 0.56 | K8: 0.5 | L8: 1 | M8: 0.4 | N8: 0.8 | P8: 6M | Q8: =(C8-J8/200)-0.002 -> 0.0532 | R8: =D8-K8/200 -> -0.0076 | S8: =E8-L8/200 -> -0.0151 | T8: =F8-M8/200 -> -0.0003 | U8: =G8-N8/200 -> 0.0029 | W8: 6M | X8: =(C8+J8/200)-0.002 -> 0.0588 | Y8: =D8+K8/200 -> -0.0026 | Z8: =E8+L8/200 -> -0.0051 | AA8: =F8+M8/200 -> 0.0037 | AB8: =G8+N8/200 -> 0.0109
A9: AUDCAD | B9: 9M | C9: =[1]AUDCAD!$B22 -> 0.06 | D9: =[1]AUDCAD!$F22 -> -0.0059 | E9: =[1]AUDCAD!$E22 -> -0.0117 | F9: =[1]AUDCAD!$D22 -> 0.0019 | G9: =[1]AUDCAD!$C22 -> 0.0079 | I9: 9M | J9: ='[2]G7 Cross'!$C21 -> 0.54 | K9: 0.5 | L9: 1 | M9: 0.4 | N9: 0.8 | P9: 9M | Q9: =(C9-J9/200)-0.002 -> 0.0553 | R9: =D9-K9/200 -> -0.0084 | S9: =E9-L9/200 -> -0.0167 | T9: =F9-M9/200 -> -0.0001 | U9: =G9-N9/200 -> 0.0039 | W9: 9M | X9: =(C9+J9/200)-0.002 -> 0.0607 | Y9: =D9+K9/200 -> -0.0034 | Z9: =E9+L9/200 -> -0.0067 | AA9: =F9+M9/200 -> 0.0039 | AB9: =G9+N9/200 -> 0.0119
A10: AUDCAD | B10: 1Y | C10: =[1]AUDCAD!$B23 -> 0.0616 | D10: =[1]AUDCAD!$F23 -> -0.0067 | E10: =[1]AUDCAD!$E23 -> -0.0134 | F10: =[1]AUDCAD!$D23 -> 0.0021 | G10: =[1]AUDCAD!$C23 -> 0.0089 | I10: 1Y | J10: ='[2]G7 Cross'!$C22 -> 0.54 | K10: 0.5 | L10: 1 | M10: 0.4 | N10: 0.8 | P10: 1Y | Q10: =(C10-J10/200)-0.002 -> 0.0569 | R10: =D10-K10/200 -> -0.0092 | S10: =E10-L10/200 -> -0.0184 | T10: =F10-M10/200 -> 0.0001 | U10: =G10-N10/200 -> 0.0049 | W10: 1Y | X10: =(C10+J10/200)-0.002 -> 0.0623 | Y10: =D10+K10/200 -> -0.0042 | Z10: =E10+L10/200 -> -0.0084 | AA10: =F10+M10/200 -> 0.0041 | AB10: =G10+N10/200 -> 0.0129
A11: AUDCAD | B11: 2Y | C11: =[1]AUDCAD!$B24 -> 0.066 | D11: =[1]AUDCAD!$F24 -> -0.0076 | E11: =[1]AUDCAD!$E24 -> -0.0144 | F11: =[1]AUDCAD!$D24 -> 0.0024 | G11: =[1]AUDCAD!$C24 -> 0.0098 | I11: 2Y | J11: ='[2]G7 Cross'!$C23 -> 0.57 | K11: 0.9 | L11: 1.8 | M11: 0.6 | N11: 1.2 | P11: 2Y | Q11: =(C11-J11/200)-0.002 -> 0.06115 | R11: =D11-K11/200 -> -0.0121 | S11: =E11-L11/200 -> -0.0234 | T11: =F11-M11/200 -> -0.0006 | U11: =G11-N11/200 -> 0.0038 | W11: 2Y | X11: =(C11+J11/200)-0.002 -> 0.06685 | Y11: =D11+K11/200 -> -0.0031 | Z11: =E11+L11/200 -> -0.0054 | AA11: =F11+M11/200 -> 0.0054 | AB11: =G11+N11/200 -> 0.0158
A12: AUDCAD | B12: 3Y | C12: =[1]AUDCAD!$B25 -> 0.0676 | D12: =[1]AUDCAD!$F25 -> -0.0077 | E12: =[1]AUDCAD!$E25 -> -0.0145 | F12: =[1]AUDCAD!$D25 -> 0.0024 | G12: =[1]AUDCAD!$C25 -> 0.0099 | I12: 3Y | J12: ='[2]G7 Cross'!$C24 -> 1.04 | K12: 0.9 | L12: 1.8 | M12: 0.6 | N12: 1.2 | P12: 3Y | Q12: =(C12-J12/200)-0.002 -> 0.0604 | R12: =D12-K12/200 -> -0.0122 | S12: =E12-L12/200 -> -0.0235 | T12: =F12-M12/200 -> -0.0006 | U12: =G12-N12/200 -> 0.0039 | W12: 3Y | X12: =(C12+J12/200)-0.002 -> 0.0708 | Y12: =D12+K12/200 -> -0.0032 | Z12: =E12+L12/200 -> -0.0055 | AA12: =F12+M12/200 -> 0.0054 | AB12: =G12+N12/200 -> 0.0159
A15: Ccy Pair | B15: Mid | C15: ATM | D15: 25D RR | E15: 10D RR | F15: 25D BF | G15: 10D BF | I15: Spread | J15: ATM | K15: 25D RR | L15: 10D RR | M15: 25D BF | N15: 10D BF | P15: BID | Q15: ATM | R15: 25D RR | S15: 10D RR | T15: 25D BF | U15: 10D BF | W15: OFFER | X15: ATM | Y15: 25D RR | Z15: 10D RR | AA15: 25D BF | AB15: 10D BF
A16: AUDJPY | B16: ON | C16: =[1]AUDJPY!$B15 -> 0.1546 | D16: =[1]AUDJPY!$F15 -> -0.0354 | E16: =[1]AUDJPY!$E15 -> -0.0647 | F16: =[1]AUDJPY!$D15 -> 0.0041 | G16: =[1]AUDJPY!$C15 -> 0.0156 | I16: ON | J16: ='[2]G7 Cross'!$C26 -> 5.06 | K16: 3 | L16: 6 | M16: 2.1 | N16: 4.2 | P16: ON | Q16: =(C16-J16/200)-0.002 -> 0.1273 | R16: =D16-K16/200 -> -0.0504 | S16: =E16-L16/200 -> -0.0947 | T16: =F16-M16/200 -> -0.0064 | U16: =G16-N16/200 -> -0.0054 | W16: ON | X16: =(C16+J16/200)-0.002 -> 0.1779 | Y16: =D16+K16/200 -> -0.0204 | Z16: =E16+L16/200 -> -0.0347 | AA16: =F16+M16/200 -> 0.0146 | AB16: =G16+N16/200 -> 0.0366
A17: AUDJPY | B17: 1W | C17: =[1]AUDJPY!$B16 -> 0.1138 | D17: =[1]AUDJPY!$F16 -> -0.026 | E17: =[1]AUDJPY!$E16 -> -0.0476 | F17: =[1]AUDJPY!$D16 -> 0.0033 | G17: =[1]AUDJPY!$C16 -> 0.0114 | I17: 1W | J17: ='[2]G7 Cross'!$C27 -> 2.32 | K17: 1.2 | L17: 2.4 | M17: 0.8 | N17: 1.6 | P17: 1W | Q17: =(C17-J17/200)-0.002 -> 0.1002 | R17: =D17-K17/200 -> -0.032 | S17: =E17-L17/200 -> -0.0596 | T17: =F17-M17/200 -> -0.0007 | U17: =G17-N17/200 -> 0.0034 | W17: 1W | X17: =(C17+J17/200)-0.002 -> 0.1234 | Y17: =D17+K17/200 -> -0.02 | Z17: =E17+L17/200 -> -0.0356 | AA17: =F17+M17/200 -> 0.0073 | AB17: =G17+N17/200 -> 0.0194
A18: AUDJPY | B18: 2W | C18: =[1]AUDJPY!$B17 -> 0.1131 | D18: =[1]AUDJPY!$F17 -> -0.0263 | E18: =[1]AUDJPY!$E17 -> -0.0482 | F18: =[1]AUDJPY!$D17 -> 0.0033 | G18: =[1]AUDJPY!$C17 -> 0.0116 | I18: 2W | J18: ='[2]G7 Cross'!$C28 -> 1.32 | K18: 0.8 | L18: 1.6 | M18: 0.6 | N18: 1.2 | P18: 2W | Q18: =(C18-J18/200)-0.002 -> 0.1045 | R18: =D18-K18/200 -> -0.0303 | S18: =E18-L18/200 -> -0.0562 | T18: =F18-M18/200 -> 0.0003 | U18: =G18-N18/200 -> 0.0056 | W18: 2W | X18: =(C18+J18/200)-0.002 -> 0.1177 | Y18: =D18+K18/200 -> -0.0223 | Z18: =E18+L18/200 -> -0.0402 | AA18: =F18+M18/200 -> 0.0063 | AB18: =G18+N18/200 -> 0.0176
A19: AUDJPY | B19: 1M | C19: =[1]AUDJPY!$B18 -> 0.1059 | D19: =[1]AUDJPY!$F18 -> -0.0255 | E19: =[1]AUDJPY!$E18 -> -0.047 | F19: =[1]AUDJPY!$D18 -> 0.0032 | G19: =[1]AUDJPY!$C18 -> 0.0117 | I19: 1M | J19: ='[2]G7 Cross'!$C29 -> 0.7 | K19: 0.5 | L19: 1 | M19: 0.4 | N19: 0.8 | P19: 1M | Q19: =(C19-J19/200)-0.002 -> 0.1004 | R19: =D19-K19/200 -> -0.028 | S19: =E19-L19/200 -> -0.052 | T19: =F19-M19/200 -> 0.0012 | U19: =G19-N19/200 -> 0.0077 | W19: 1M | X19: =(C19+J19/200)-0.002 -> 0.1074 | Y19: =D19+K19/200 -> -0.023 | Z19: =E19+L19/200 -> -0.042 | AA19: =F19+M19/200 -> 0.0052 | AB19: =G19+N19/200 -> 0.0157
A20: AUDJPY | B20: 2M | C20: =[1]AUDJPY!$B19 -> 0.101 | D20: =[1]AUDJPY!$F19 -> -0.0243 | E20: =[1]AUDJPY!$E19 -> -0.0451 | F20: =[1]AUDJPY!$D19 -> 0.0033 | G20: =[1]AUDJPY!$C19 -> 0.0121 | I20: 2M | J20: ='[2]G7 Cross'!$C30 -> 0.65 | K20: 0.5 | L20: 1 | M20: 0.4 | N20: 0.8 | P20: 2M | Q20: =(C20-J20/200)-0.002 -> 0.09575 | R20: =D20-K20/200 -> -0.0268 | S20: =E20-L20/200 -> -0.0501 | T20: =F20-M20/200 -> 0.0013 | U20: =G20-N20/200 -> 0.0081 | W20: 2M | X20: =(C20+J20/200)-0.002 -> 0.10225 | Y20: =D20+K20/200 -> -0.0218 | Z20: =E20+L20/200 -> -0.0401 | AA20: =F20+M20/200 -> 0.0053 | AB20: =G20+N20/200 -> 0.0161
A21: AUDJPY | B21: 3M | C21: =[1]AUDJPY!$B20 -> 0.0996 | D21: =[1]AUDJPY!$F20 -> -0.0238 | E21: =[1]AUDJPY!$E20 -> -0.0446 | F21: =[1]AUDJPY!$D20 -> 0.0034 | G21: =[1]AUDJPY!$C20 -> 0.0128 | I21: 3M | J21: ='[2]G7 Cross'!$C31 -> 0.65 | K21: 0.5 | L21: 1 | M21: 0.4 | N21: 0.8 | P21: 3M | Q21: =(C21-J21/200)-0.002 -> 0.09435 | R21: =D21-K21/200 -> -0.0263 | S21: =E21-L21/200 -> -0.0496 | T21: =F21-M21/200 -> 0.0014 | U21: =G21-N21/200 -> 0.0088 | W21: 3M | X21: =(C21+J21/200)-0.002 -> 0.10085 | Y21: =D21+K21/200 -> -0.0213 | Z21: =E21+L21/200 -> -0.0396 | AA21: =F21+M21/200 -> 0.0054 | AB21: =G21+N21/200 -> 0.0168
A22: AUDJPY | B22: 6M | C22: =[1]AUDJPY!$B21 -> 0.0986 | D22: =[1]AUDJPY!$F21 -> -0.0206 | E22: =[1]AUDJPY!$E21 -> -0.0407 | F22: =[1]AUDJPY!$D21 -> 0.0039 | G22: =[1]AUDJPY!$C21 -> 0.014 | I22: 6M | J22: ='[2]G7 Cross'!$C32 -> 0.59 | K22: 0.5 | L22: 1 | M22: 0.4 | N22: 0.8 | P22: 6M | Q22: =(C22-J22/200)-0.002 -> 0.09365 | R22: =D22-K22/200 -> -0.0231 | S22: =E22-L22/200 -> -0.0457 | T22: =F22-M22/200 -> 0.0019 | U22: =G22-N22/200 -> 0.01 | W22: 6M | X22: =(C22+J22/200)-0.002 -> 0.09955 | Y22: =D22+K22/200 -> -0.0181 | Z22: =E22+L22/200 -> -0.0357 | AA22: =F22+M22/200 -> 0.0059 | AB22: =G22+N22/200 -> 0.018
A23: AUDJPY | B23: 9M | C23: =[1]AUDJPY!$B22 -> 0.0998 | D23: =[1]AUDJPY!$F22 -> -0.0197 | E23: =[1]AUDJPY!$E22 -> -0.0403 | F23: =[1]AUDJPY!$D22 -> 0.004 | G23: =[1]AUDJPY!$C22 -> 0.0151 | I23: 9M | J23: ='[2]G7 Cross'!$C33 -> 0.55 | K23: 0.5 | L23: 1 | M23: 0.4 | N23: 0.8 | P23: 9M | Q23: =(C23-J23/200)-0.002 -> 0.09505 | R23: =D23-K23/200 -> -0.0222 | S23: =E23-L23/200 -> -0.0453 | T23: =F23-M23/200 -> 0.002 | U23: =G23-N23/200 -> 0.0111 | W23: 9M | X23: =(C23+J23/200)-0.002 -> 0.10055 | Y23: =D23+K23/200 -> -0.0172 | Z23: =E23+L23/200 -> -0.0353 | AA23: =F23+M23/200 -> 0.006 | AB23: =G23+N23/200 -> 0.0191
A24: AUDJPY | B24: 1Y | C24: =[1]AUDJPY!$B23 -> 0.1013 | D24: =[1]AUDJPY!$F23 -> -0.0186 | E24: =[1]AUDJPY!$E23 -> -0.0393 | F24: =[1]AUDJPY!$D23 -> 0.0041 | G24: =[1]AUDJPY!$C23 -> 0.0164 | I24: 1Y | J24: ='[2]G7 Cross'!$C34 -> 0.54 | K24: 0.5 | L24: 1 | M24: 0.4 | N24: 0.8 | P24: 1Y | Q24: =(C24-J24/200)-0.002 -> 0.0966 | R24: =D24-K24/200 -> -0.0211 | S24: =E24-L24/200 -> -0.0443 | T24: =F24-M24/200 -> 0.0021 | U24: =G24-N24/200 -> 0.0124 | W24: 1Y | X24: =(C24+J24/200)-0.002 -> 0.102 | Y24: =D24+K24/200 -> -0.0161 | Z24: =E24+L24/200 -> -0.0343 | AA24: =F24+M24/200 -> 0.0061 | AB24: =G24+N24/200 -> 0.0204
A25: AUDJPY | B25: 2Y | C25: =[1]AUDJPY!$B24 -> 0.1023 | D25: =[1]AUDJPY!$F24 -> -0.0205 | E25: =[1]AUDJPY!$E24 -> -0.0397 | F25: =[1]AUDJPY!$D24 -> 0.0055 | G25: =[1]AUDJPY!$C24 -> 0.0193 | I25: 2Y | J25: ='[2]G7 Cross'!$C35 -> 0.62 | K25: 0.9 | L25: 1.8 | M25: 0.6 | N25: 1.2 | P25: 2Y | Q25: =(C25-J25/200)-0.002 -> 0.0972 | R25: =D25-K25/200 -> -0.025 | S25: =E25-L25/200 -> -0.0487 | T25: =F25-M25/200 -> 0.0025 | U25: =G25-N25/200 -> 0.0133 | W25: 2Y | X25: =(C25+J25/200)-0.002 -> 0.1034 | Y25: =D25+K25/200 -> -0.016 | Z25: =E25+L25/200 -> -0.0307 | AA25: =F25+M25/200 -> 0.0085 | AB25: =G25+N25/200 -> 0.0253
A26: AUDJPY | B26: 3Y | C26: =[1]AUDJPY!$B25 -> 0.1032 | D26: =[1]AUDJPY!$F25 -> -0.0211 | E26: =[1]AUDJPY!$E25 -> -0.0408 | F26: =[1]AUDJPY!$D25 -> 0.0057 | G26: =[1]AUDJPY!$C25 -> 0.0206 | I26: 3Y | J26: ='[2]G7 Cross'!$C36 -> 0.73 | K26: 0.9 | L26: 1.8 | M26: 0.6 | N26: 1.2 | P26: 3Y | Q26: =(C26-J26/200)-0.002 -> 0.09755 | R26: =D26-K26/200 -> -0.0256 | S26: =E26-L26/200 -> -0.0498 | T26: =F26-M26/200 -> 0.0027 | U26: =G26-N26/200 -> 0.0146 | W26: 3Y | X26: =(C26+J26/200)-0.002 -> 0.10485 | Y26: =D26+K26/200 -> -0.0166 | Z26: =E26+L26/200 -> -0.0318 | AA26: =F26+M26/200 -> 0.0087 | AB26: =G26+N26/200 -> 0.0266
